country,founded,id,industry,linkedin_url,locality,name,region,size,website
united states,2004,8H4t6pFcYQb2zoE559rSdwkzBxiZ,marketing and advertising,linkedin.com/company/ab-consulting-network,byfield,ab consulting network,massachusetts,1-10,abconsulting.agency
united states,2024,hu5DlkHpwXJ6P9qvg4XTsguw6QxA,marketing and advertising,linkedin.com/company/motivity-media,,motivity media,,1-10,motivitymedia.com
united states,2022,jIewVdWRyrpwh1DM3B3yuguWst7L,marketing and advertising,linkedin.com/company/xcs-pros-llc,fargo,"xcs pros, llc",north dakota,11-50,xcspros.com
united states,2013,xOmmRGHUO53AgAutfz8BtwudTE7h,marketing and advertising,linkedin.com/company/digigriot,la mesa,digigriot,california,1-10,digigriot.com
united states,,TkD6BzWdC2diCaRejnrC9ArNIMZH,marketing and advertising,linkedin.com/company/loudgrowth,san francisco,loudgrowth,california,11-50,loudgrowth.com
united states,2016,1AiIyYLpU7DJC2Uk1cJ6fgjGe3tz,marketing and advertising,linkedin.com/company/reflective-brands,portland,reflective brands,oregon,11-50,reflective.design
united states,2023,tGEUxPTudQx1RNRlfdLkkgqIHJJA,marketing and advertising,linkedin.com/company/marketing-dot-pet,los angeles,marketing dot pet,california,1-10,marketing.pet
united states,2004,3VVwmLhgBOX7kPyUXH9lDgCBgAMh,marketing and advertising,linkedin.com/company/bartley-ventures-llc,tampa,"bartley ventures, llc",florida,1-10,bartleyventures.com
united states,2012,NoEL5wKP2QX1AC6xQr1ozwhU8a75,marketing and advertising,linkedin.com/company/team-brainchild,charlottesville,brainchild,virginia,1-10,teambrainchild.com
united states,1988,aXCLc0fgBaNatpvI5WXVdwvtsY9o,marketing and advertising,linkedin.com/company/signs-plus,des moines,signs plus,iowa,11-50,signsplusamerica.com
united states,2023,GZmGCWzI3ptouhP6hUlbUwutYSyO,marketing and advertising,linkedin.com/company/yellowdrake,seattle,yellow drake consulting,washington,1-10,yellowdrake.com
united states,,K7QGInDP6gb5VP55z7ZpdQBksrxp,marketing and advertising,linkedin.com/company/eastcreativ,,east creativ,california,1-10,eastcreativ.com
united states,2019,DJq4TYBY9s9bValnDd08UQ5iGpiN,marketing and advertising,linkedin.com/company/watermelonseed,little elm,watermelonseed marketing,texas,1-10,watermelonseedmarketing.com
united states,2008,YWfincmrw7lAL2YowB41eggMFIWc,marketing and advertising,linkedin.com/company/abo-ventures,lexington,abo ventures,massachusetts,11-50,aboventures.com
united states,,6uY8PG0QcVq9cJRTcsKFHA5tdUiE,marketing and advertising,linkedin.com/company/amarcco-leads-marketing-llc,sacramento,amarcco leads & marketing llc,california,11-50,amarccoleadsllc.com
united states,,UXQAzcwt5IfW6ClDqOyBNg56c0c2,marketing and advertising,linkedin.com/company/equamark-inc.,bellaire,"equamark, inc.",texas,1-10,
united states,1996,0Fn1hSqIBbM0C1ECdnWloAxWyzCE,marketing and advertising,linkedin.com/company/telepoint-communications-inc-,cherry hill,"telepoint communications, inc.",new jersey,51-200,telepointcomm.com
united states,,UhnqumChF0U3IkOSpJfbmg6tsqXN,marketing and advertising,linkedin.com/company/colemanbrandworx,,colemanbrandworx,,51-200,
united states,2020,FkEESJs27b0RxgpyQxZ1TgnXnQWj,marketing and advertising,linkedin.com/company/bukuji,los angeles,bukuji,california,11-50,bukuji.com
united states,2002,EAOSkBRIzsQ9DIeN8GaACgWGuKoK,marketing and advertising,linkedin.com/company/emerald-coast-filmworks-inc.,duluth,"emerald coast filmworks, inc.",georgia,1-10,emeraldcoastfilmworks.com
united states,2006,SByhrCktmF2W7zjOuKqrwwJas2pi,marketing and advertising,linkedin.com/company/the-savvy-inspecto,venice,home inspector help,florida,11-50,thesavvyinspector.com
united states,,WcFEAiVTEN9V5v7ZrgA9DQio6EGl,marketing and advertising,linkedin.com/company/ad-tapes,,ad tapes,,1-10,
united states,2018,gvZw2QQAC47p37gQTi0sqQcHNQ3g,marketing and advertising,linkedin.com/company/robiz-solutions1,,robiz solutions,delaware,11-50,robizsolutions.com
united states,1995,zsNWYz5Q5NH99EWgl9RaJQuIDLJd,marketing and advertising,linkedin.com/company/carver-media-group,atlanta,carver media group,georgia,51-200,
united states,2018,nbxsf5yciADix082WpIycwvXfNAe,marketing and advertising,linkedin.com/company/coherent-thought,seattle,coherent thought,washington,1-10,coherent-thought.com
united states,2012,5bCpZk3nX8BAS0pUP2t5EQAb1GEy,marketing and advertising,linkedin.com/company/rhinotale-llc,chicago,rhinotale llc,illinois,1-10,facebook.com/rhinotale
united states,2014,avGyTzcHzawhAFlCZ7L05gfgVk6U,marketing and advertising,linkedin.com/company/wastrelsociety,san francisco,wastrel society,california,1-10,wastrelsociety.com
united states,,wGCpmh8NpqvrYFoEtTQehQSTrOrT,marketing and advertising,linkedin.com/company/st-pete-times-forum,tampa,st pete times forum,florida,51-200,tampabaytimesforum.com
united states,,yRTuHxC978HSW2AAqC784whj3GVD,marketing and advertising,linkedin.com/company/deitz-media-&-marketing,,deitz media & marketing,,1-10,deitzmedia.com
united states,1995,Vpu76LcsiAfjwHxeOdx2FwdaWSBQ,marketing and advertising,linkedin.com/company/harbour-light-strategic-marketing,portsmouth,harbour light strategic marketing,new hampshire,1-10,harbourlight.com
united states,2018,IUCKLVhI4QV8QvCBqoDncAMFmDpK,marketing and advertising,linkedin.com/company/erlking-media-co,bakersfield,erlking media,california,1-10,erlking.media
united states,1948,yOwUHQ0qrwebgvrsqmu4dA5jypky,marketing and advertising,linkedin.com/company/victory-chicago,chicago,"victory, div. of planter inc.",illinois,11-50,buyvictory.com
united states,,NFojUzFQHiL2X8pEbR23Cw3UxtY1,marketing and advertising,linkedin.com/company/liki-liki-group,san francisco,liki liki group,california,1-10,likilikigroup.com
united states,2018,qtINXEGLh3L7GS8B6jlnCQZd6Gcn,marketing and advertising,linkedin.com/company/4-chicks-chatting-and-creatives,doylestown,4 chicks chatting podcast,pennsylvania,1-10,4chickschatting.com
united states,1997,DrXpsaONUiGLBoBPt8vxNAwi3Hba,marketing and advertising,linkedin.com/company/educe-inc.,carlsbad,educe inc.,california,1-10,educeinc.net
united states,,cwMtsny1BHgQRPIAwGxhQAtYai44,marketing and advertising,linkedin.com/company/rdt-business-svc,cedaredge,rdt business svc,colorado,1-10,
united states,,Xk6ZCIkkFmWnKjGbTMf50A2boQCN,marketing and advertising,linkedin.com/company/practorpatients,provo,practor patients,utah,1-10,practorpatients.com
united states,,cMe8TbDpUjh8LLUR1C5KhwymXRbt,marketing and advertising,linkedin.com/company/modern-media-group-llc,tampa,modern media group,florida,1-10,
united states,,A8AiTOcSL4YZ9QuXUaoOKAzMk1TO,marketing and advertising,linkedin.com/company/invitations-plus,garland,invitations plus,texas,1-10,inviplus.com
united states,2023,qfapy6QE6TL9Wt85EdmLVgSZRLBm,marketing and advertising,linkedin.com/company/oakoliveprints,fresno,oak and olive design studio,california,1-10,oakoliveprints.com
united states,2011,oeeqS3GLNmmmCvEnlCtlxQdb7gNU,marketing and advertising,linkedin.com/company/plexus-entertainment-llc---gowatchit-com,new york,"plexus entertainment, llc - gowatchit",new york,1-10,plexusentertainment.com
united states,,yWs89u1mpMLbGuMaJQFE8wmrEDpn,marketing and advertising,linkedin.com/company/total-color,miami,total color,florida,11-50,
united states,2016,CQhtuhDC2e20obRG7h0BOQ369KdA,marketing and advertising,linkedin.com/company/tufudi-creative,boca raton,tufudi creative,florida,1-10,tufudi.com
united states,2005,6g1J641PRwSfYfVwsedDIA7MTltL,marketing and advertising,linkedin.com/company/speakeasy-pr-&-marketing,los angeles,speakeasy pr & marketing,california,1-10,speakeasypr.com
united states,,0C3YZL3RJp8g39estB31XwFECV60,marketing and advertising,linkedin.com/company/davy-marketing-agency,san francisco,davy marketing agency,california,1-10,davyagency.com
united states,2017,lPQPdvmNuTEYEOkLaolCNQt66EmK,marketing and advertising,linkedin.com/company/calescence,fort collins,calescence digital,colorado,1-10,calescence.com
united states,2016,ZPcukPo6Y17uqB0XtU1axAQ5upvK,marketing and advertising,linkedin.com/company/omni-digital-agency,new york,omni digital agency,new york,11-50,omnimedia.agency
united states,,jXCSUwLC2ezDSLuBcPqPBwc0KZi3,marketing and advertising,linkedin.com/company/rock-romi,houston,rock&romi,texas,1-10,
united states,2016,sWX8Cxj17Sx1llhaOMCyBw19qRG3,marketing and advertising,linkedin.com/company/town-leads,marlborough,town leads,massachusetts,1-10,townleads.com
united states,2012,MEWQLNlR3x7foG6OiZ6lLAlCAhTE,marketing and advertising,linkedin.com/company/gray-matter-marketing,portsmouth,gray matter marketing,rhode island,1-10,graymattermarketing.com
united states,2017,tGeEsWYH78RFDtGLir5QHgfOeK5B,marketing and advertising,linkedin.com/company/milefortyfour,los angeles,mile 44,california,11-50,milefortyfour.com
united states,,kuGn1fnLrvU6qiBNBNr6XAuulEcI,marketing and advertising,linkedin.com/company/danara-international-ltd,,danara international  ltd,,11-50,danaraint.com
united states,2009,qC0IPLPLKdaPQVl61wQfFghLuzya,marketing and advertising,linkedin.com/company/stolpa-solutions,,stolpa solutions,,1-10,stolpasolutions.com
united states,2017,C3QWmb6ImEXIMdia6R7IgglprYX4,marketing and advertising,linkedin.com/company/greenlitagency,los angeles,greenlit agency,california,51-200,
united states,2021,rPEP48TOc8vie60pU3YCIgrJHG0a,marketing and advertising,linkedin.com/company/kind-marketing-us,olympia,kind marketing,washington,1-10,kind.marketing
united states,1983,Nzy50mkebgFPWfuEwvdu9w4h6T0F,marketing and advertising,linkedin.com/company/initial-impression,san diego,initial impression,california,11-50,initialimpression.com
united states,1998,uFZCsCS5s5UeTEL5haUuMA6CyNEf,marketing and advertising,linkedin.com/company/38west,mission viejo,38west,california,1-10,
united states,2018,SaorR5QCmr6kcBwaGoFyTgZqHAhH,marketing and advertising,linkedin.com/company/r-w-clayton,sanford,r.w.clayton,florida,1-10,rwclayton.com
united states,,laajUQCATNDHeqyCYDR4zQSKVMMO,marketing and advertising,linkedin.com/company/bmsocials,lisbon,bmsocials,ohio,1-10,
united states,2022,Mvb8kb6DackFsj8mgho2tgN3colM,marketing and advertising,linkedin.com/company/givamedia,wyoming,giva media,wyoming,11-50,givamedia.com
united states,2015,MDOMf32I54QTZ6TikEzcrgLKR5XQ,marketing and advertising,linkedin.com/company/the-cocco-group,clifton park,the cocco group,new york,1-10,thecoccogroup.com
united states,2020,jRM9mTnOh1U4DDHGYDJ4FgVYbEF1,marketing and advertising,linkedin.com/company/moonbeam-media,oakland,moonbeam media,california,1-10,moonbeam-media.com
united states,2018,qcFh4DSlVoXTp4fX52xTdQO1wCuu,marketing and advertising,linkedin.com/company/ecomhustles,providence,ecom hustles,rhode island,1-10,ecomhustles.com
united states,1919,DjndNFifgdqSEMMnOAJ2lQDrbXKK,marketing and advertising,linkedin.com/company/nvision-division-of-north-american-corporation,glenview,"nvision, proudly part of bradyplus",illinois,201-500,nvision-nac.com
united states,1981,DhFWPQASe3nppsTw4AkASwcw07Cc,marketing and advertising,linkedin.com/company/k-r-branding-solutions,chantilly,k&r branding solutions,virginia,11-50,
united states,,2hnP40t2gMD80BuJNubX7whYRYA0,marketing and advertising,linkedin.com/company/rocketboostapp,las vegas,rocketboost,nevada,1-10,rocketboost.io
united states,,KUTyS9cH8YrBCSH1iIfkWAFEaBX4,marketing and advertising,linkedin.com/company/iwixpro,new york,iwixpro,new york,1-10,iwixpro.com
united states,2004,cs0CC0tTXlUh5EB9fyHMoQxCJPIW,marketing and advertising,linkedin.com/company/immortal-imaging-llc,,immortal imaging llc,,1-10,immortalimaging.net
united states,1994,RzKnHHUNxr1kbCoIsun3BAKq3wnG,marketing and advertising,linkedin.com/company/sales-developers-corp-,van buren twp,sales developers corp.,michigan,1-10,
united states,2012,mXeizRApCMY473tj88FafwBsmw14,marketing and advertising,linkedin.com/company/rank-my-website,virginia beach,rank my website,virginia,1-10,rankofmywebsite.com
united states,2019,QKCpRExjThxPeBypfWAE7AlZxZJz,marketing and advertising,linkedin.com/company/spaulding-digital,phoenix,spaulding digital,arizona,1-10,
united states,,xYlpx1eB0aKg3BjYmUBDCgF2RAcE,marketing and advertising,linkedin.com/company/servedwell-com,,servedwell.com,,1-10,
united states,,rG9Tq26CQCh9TkIW2GGN3wqUSuVP,marketing and advertising,linkedin.com/company/mile-marker-discounts,,mile marker discounts,,1-10,milemarkerdiscounts.com
united states,2013,Cxhmnm9xczijEVC0fCTg4ATtLt2H,marketing and advertising,linkedin.com/company/dmz-productions,crown point,dmz productions,indiana,1-10,dmzproductions.com
united states,,lW8e5asuYL2X0013wUwoPgDCMKbI,marketing and advertising,linkedin.com/company/law-firm-marketing-ada-compliant-websites,calabasas,law firm marketing - ada-compliant websites,california,1-10,
united states,2000,gPryOeFNMMkiSN55EpjFQQNfgfDa,marketing and advertising,linkedin.com/company/jessica-bloom-creative,,jessica bloom creative,,1-10,jessicabloomcreative.com
united states,2007,4vBNzQrAXm3u8apQZi6zHwHXXhIh,marketing and advertising,linkedin.com/company/kelli-tejada-consulting,san francisco,ktc marketing & pr,california,1-10,ktcmarketingandpr.com
united states,1999,G72HBKrEaDtwbmqMQ54xHg6agXpI,marketing and advertising,linkedin.com/company/texas-deer-association,austin,texas deer association,texas,1-10,texasdeerassociation.com
united states,2020,DiSNF7BsKhZGwQVoT5F5Cgcjfh8E,marketing and advertising,linkedin.com/company/the-luxurist-method,boston,the luxurist method,massachusetts,11-50,theluxuristmethod.com
united states,,SJaedXDac0Rt2l9pKkrKqwyAb8bt,marketing and advertising,linkedin.com/company/media-on-the-run,,media on the run,,11-50,mediaontherun.com
united states,,GwJfbKSZKaZJsPX09PBQ7wKYkGjp,marketing and advertising,linkedin.com/company/firefly-seo,indianapolis,firefly seo,indiana,11-50,fireflyseo.com
united states,2015,bzoGgByUtdZkCzFPa7LcZgElPk04,marketing and advertising,linkedin.com/company/dreamclinic-creative,tulsa,dreamclinic creative,oklahoma,1-10,dreamclinic.co
united states,,JBAC2C7VhMTqyWyuqg1BUQz1K9Jc,marketing and advertising,linkedin.com/company/skylimitnow,cornelius,skylimit,north carolina,1-10,skylimitnow.com
united states,2023,sZKNpUxFIrBk6AdG1lkEXg6LZAzI,marketing and advertising,linkedin.com/company/big-mammoth-media,tulsa,big mammoth media,oklahoma,1-10,bigmammothmedia.com
united states,2023,IrE91okN51ZY4GTlRURibQfhtLfT,marketing and advertising,linkedin.com/company/bmorebrandbuilders,baltimore,bmore brand builders,maryland,1-10,moorescalablesolutions.com
united states,1990,POx3eFhQ60le5ox1KYE3PATsbn5W,marketing and advertising,linkedin.com/company/to-be-announced-since-1990,woburn,to be announced - since 1990,massachusetts,1-10,
united states,1980,PejTslyHFDsz8YoZKXjJoAz7GVtB,marketing and advertising,linkedin.com/company/tocquigny,austin,tocquigny,texas,51-200,tocquigny.com
united states,2019,OZJoZt5ZFNDn53Jv1LtbXQpRfoDs,marketing and advertising,linkedin.com/company/actionmediagroup,new york,amg - action media group,new york,11-50,actionmediagroup.net
united states,,AMNCxb8QkUDdMOcfdtgCWQct9VVF,marketing and advertising,linkedin.com/company/extranet-digtials,,pb digitals,new york,11-50,pbdigitals.com
united states,2008,569l65fRZ7LeBpuHKQbrKgrCvQC9,marketing and advertising,linkedin.com/company/madison-media-services,madison,madison media services,wisconsin,1-10,madisonmediaservices.com
united states,2005,nOCTXlS0MrcBm0a4SNN1hwBbg3fI,marketing and advertising,linkedin.com/company/localmn,minneapolis,localmn interactive,minnesota,1-10,
united states,2016,6tBai1zHtl3b7frqgCmtKwNbgLPm,marketing and advertising,linkedin.com/company/theget,chicago,the get agency,illinois,1-10,theget.agency
united states,,czlLCo1nA5ZWggWgbyq9LA0p7oam,marketing and advertising,linkedin.com/company/clickphd,new york,clickphd,new york,1-10,clickphd.com
united states,2008,FyND2BfDCFdz07O44mN1dgbPsmjB,marketing and advertising,linkedin.com/company/sweet-buzz-media,denver,sweet buzz media,colorado,1-10,sweetbuzzmedia.com
united states,2011,CHA8a143nq064lx1h5bYuAZxI9mg,marketing and advertising,linkedin.com/company/jillian-chamberlain-consulting,los angeles,jillian chamberlain consulting,california,1-10,jillianchamberlain.com
united states,,JNm5CGnukhBJnIOYb9CweQNfrUMM,marketing and advertising,linkedin.com/company/rethinkit-marketing,new york,re:think marketing,new york,1-10,rethink.marketing
united states,2011,71DLi5MHqqqTBsXMVxqitwogT2gA,marketing and advertising,linkedin.com/company/marlinea,boston,marlinea,massachusetts,1-10,marlinea.com
united states,,0VHUyrW2KRCgeeDHAGQ6OwT0rv3I,marketing and advertising,linkedin.com/company/oral-implantology-center,brentwood,oral implantology center,tennessee,1-10,
united states,,UDrHcMGuxIxRiXxpvxCEqAXPZuP0,marketing and advertising,linkedin.com/company/manning-designs,boerne,manning designs,texas,1-10,
united states,2015,w0HP9SC9fmHn3kITpYsLGQVmer5d,marketing and advertising,linkedin.com/company/jla-marketing-media,marietta,jla marketing,georgia,11-50,jarls.com
united states,2010,O7CdTxc6gVkL8tgt0lmOmgXPbviT,marketing and advertising,linkedin.com/company/katie-wagner-social-media,aliso viejo,katie wagner social media,california,11-50,katiewagnersocialmedia.com
united states,2010,qQpbxH4iJrdoqNJCZSbTRwKiSoyC,marketing and advertising,linkedin.com/company/realize-internet-marketing,san diego,"realize marketing, llc",california,1-10,realizemarketing.com
united states,,FbPHlrEBdNB5BkeeL5VNYQqRcdVZ,marketing and advertising,linkedin.com/company/triple-3-advantage-inc,albany,"triple 3 advantage, inc.",georgia,11-50,triple3advantageinc.com
united states,2014,ylLy1MREWjXuvZrgNKbkxg2yQeiC,marketing and advertising,linkedin.com/company/eunever,schaumburg,savvy marketing llc,illinois,1-10,savvymarketinginc.com
united states,2018,vDEbiBwZ588crjmCF5cK2gKCYgYX,marketing and advertising,linkedin.com/company/kellentrachy,laguna niguel,kellen trachy marketing,california,1-10,kellentrachy.com
united states,2018,MHiHW31TfijDd4j06XBuDgWkLTpB,marketing and advertising,linkedin.com/company/sanders-anderson-design,perrysburg,anderson communication design,ohio,1-10,sandersanderson.com
united states,,CQ9yKvI4ywSaOFZK49iOBATEh06U,marketing and advertising,linkedin.com/company/red-monkey-graphics,honolulu,red monkey graphics,hawaii,1-10,redmonkeygraphics.com
united states,,i9geLqCQit06wwpJC9hDPgsxD3PY,marketing and advertising,linkedin.com/company/visual-journeys,idyllwild,visual journeys,california,1-10,visualjourneys.net
united states,2012,ZCTbJnO5pplpUF8ccw4ZZw4a4nxX,marketing and advertising,linkedin.com/company/social-smedium,austin,social smedium,texas,1-10,socialsmedium.com
united states,,KoVuikIWKU0MUuhMa1VZRwgAtNHu,marketing and advertising,linkedin.com/company/vantage-group-llc,denver,"vantage group, llc",colorado,1-10,
united states,,5P69sw6ovLbygZNDACQd8wwUybp5,marketing and advertising,linkedin.com/company/acquisition-strat-co,sheridan,acquisition strat co.,wyoming,1-10,acquisitionstrat.com
united states,,LVC00Hjt4C96Q3uIDLe4UgiGc7o3,marketing and advertising,linkedin.com/company/rosy-finch-marketing-company,los angeles,rosy finch marketing company,california,1-10,rosyfinchmc.com
united states,2001,0CPGJAk7oxkEwWWPUSCSqgglt0gB,marketing and advertising,linkedin.com/company/the-valcort-group,st. charles,the valcort group,illinois,11-50,valcort.com
united states,2016,wgCi3g9wmEv4HZV4ocC4vQ9jL3W8,marketing and advertising,linkedin.com/company/rise-above-digital,sarasota,rise above digital,florida,1-10,riseabovedigital.com
united states,,AcChBZtF6HE65vGClNZlFA30CKbq,marketing and advertising,linkedin.com/company/concierge-media-solutions,tavares,concierge media solutions,florida,1-10,conciergemediaco.com
united states,2019,WIX4UGkXwYZDZ7vfiftLswfsL2Au,marketing and advertising,linkedin.com/company/perry-digital-agency,tallahassee,perry digital agency,florida,1-10,perrydigitalagency.com
united states,2020,HSfOaWBNE0XZxu5GZk2rEgDKxn2K,marketing and advertising,linkedin.com/company/413-creatives,austin,413 creatives,texas,1-10,413creatives.com
united states,,hMt4r6B7fTzNxjp38BGwYAlDpbHV,marketing and advertising,linkedin.com/company/unique-periodical,keizer,unique periodical,oregon,1-10,unique-coupons.com
united states,2018,33DneLGPLlGWhzi5W9FW8QBQesUr,marketing and advertising,linkedin.com/company/hindmancompany,nashville,hindman company,tennessee,1-10,hindmancompany.com
united states,,NyMO3rOl982TZFCKN0ZuqglWlfUo,marketing and advertising,linkedin.com/company/holiday-inn-morgan-city,morgan city,holiday inn morgan city,louisiana,11-50,ihg.com/holidayinn/hotels/us/en/morgan-city/ptnla/hoteldetail
united states,,4WdB5XAwgFBh9nQ0Zu1vHAWweYr9,marketing and advertising,linkedin.com/company/daba-designs,,daba designs,,1-10,daba-designs.com
united states,2014,3TiaAe7dZuWyEF2BBV4BQgtc9zvD,marketing and advertising,linkedin.com/company/hazbrandingok,miami,hazbranding,florida,1-10,hazbranding.com
united states,2010,0L0vbdWPJ3bbuckdxJBqKQRVTept,marketing and advertising,linkedin.com/company/o'laughlin-professional-solutions,erie,"o'laughlin professional solutions, inc.",pennsylvania,1-10,olprosolutions.com
united states,2009,SppcUOgcy8dTBTtAbDrHUwx2zjxu,marketing and advertising,linkedin.com/company/bd-creative-group,mount pleasant,bd creative group,south carolina,1-10,bdcreativegroup.com
united states,,9KKFdjJTZwONBAC1P8auwQ0Yl5Jr,marketing and advertising,linkedin.com/company/turneffe-direct-marketing-group-llc,dunedin,"turneffe direct marketing group, llc",florida,1-10,turneffedirect.com
united states,2023,XXpiXQLJooiNokgo0VapBQR2fjVi,marketing and advertising,linkedin.com/company/vimitv,newark,vimi,delaware,1-10,vimi.tv
united states,2013,jp1hoIvsC4xRFBaUZe17aQ0UjbLs,marketing and advertising,linkedin.com/company/medialic,mount airy,medialic,maryland,1-10,medialic.com
united states,,UvBBgzwTaDtYRkxHbUa3dQOQJSCp,marketing and advertising,linkedin.com/company/xposure-video-and-content-marketing,dallas,xposure,texas,1-10,xposure-marketing.com
united states,2014,dT1gQzNeWN3ry2o7geKuMQ6F8xeZ,marketing and advertising,linkedin.com/company/embellishedbrands,,embellished brands,,1-10,embellishmarketing.com
united states,,q02o8gJJPk99RDdpTvl6wASAsQpm,marketing and advertising,linkedin.com/company/esoteric-web-designs,philadelphia,esoteric web designs,pennsylvania,1-10,esotericwebdesigns.com
united states,,4dYmxTDrC7TKq1EhTFN4kgg6JmTG,marketing and advertising,linkedin.com/company/zurvita_2,,zurvita,,1001-5000,zurvita.biz
united states,,HKLBDDBMQ12xjBseyP9xoABkaK4Y,marketing and advertising,linkedin.com/company/davismediagroup,delray beach,davis media group,florida,1-10,davismediagrp.com
united states,2020,Z3xPv7NfaNBQQ27yn89koAdCo1rY,marketing and advertising,linkedin.com/company/creative-will-consulting,raleigh,creative will consulting,north carolina,1-10,creativewillconsulting.com
united states,2019,935ySrhugWtd3WLngkR3HgRhf0Iu,marketing and advertising,linkedin.com/company/clientconnectai,san francisco,client connect - automated criminal defense marketing,california,1-10,clientconnect.ai
united states,2012,W3bCwlWEWi1zNPzziXMtGwjMeS1F,marketing and advertising,linkedin.com/company/ask-marketing-911,laguna niguel,ask marketing 911,california,1-10,askmarketing911.org
united states,2004,WnFNuD82ZoJemnckNWBLHwVJayui,marketing and advertising,linkedin.com/company/quantumbranding,nashville,quantum branding,tennessee,1-10,quantumbranding.agency
united states,,0E9KyD7DtHCxUAkMu6NsbwDnW2aA,marketing and advertising,linkedin.com/company/axxon-branding,mountain view,axxon branding,california,1-10,axxonbranding.com
united states,2005,BO8mKsgF0ZZ0kmEfCLnZAgoqno7F,marketing and advertising,linkedin.com/company/idfive-llc-,baltimore,idfive,maryland,11-50,idfive.com
united states,,pbdqZ6vt2EcCzpIF4vBUDA9JMJER,marketing and advertising,linkedin.com/company/seed-sauce,brooklyn,seed & sauce,new york,11-50,seedandsauce.com
united states,2006,FyH2DmHN54OPObYQUqFDjQ3JiHp5,marketing and advertising,linkedin.com/company/tbg-digital-marketing,canfield,tbg digital marketing,ohio,1-10,tbgdigitalmarketing.com
united states,2020,h8V93pXG9LyF6HsuDUfolwhNGNNl,marketing and advertising,linkedin.com/company/startbacklinks-llc,kalispell,startbacklinks,montana,1-10,wellbiznews.com
united states,2023,2Su2V2dv7UCzAqhNBbrN2w2tMd9Z,marketing and advertising,linkedin.com/company/digitalbuzzpros,los angeles,smm trigger,california,11-50,smmtrigger.com
united states,1983,DR0Q8gJ5xEHekBzNGfl0yAyr5PW0,marketing and advertising,linkedin.com/company/brainstorms-advertising-&-marketing,,brainstorms advertising & marketing,,1-10,brainstorms.net
united states,2010,7pm6bFGKsxRmB3CKlOUq9wZqUGu9,marketing and advertising,linkedin.com/company/global-marketing-concepts-inc,glen burnie,"global marketing concepts, inc",maryland,11-50,goglobal-inc.com
united states,2008,D4tM3a72cC0wYXzW4G3r1gEGQGql,marketing and advertising,linkedin.com/company/thin-blue-edge,sacramento,thin blue edge,california,1-10,thinblueedge.com
united states,2018,nvO6kXeHjYplrkYd4azz6Qm7rVKS,marketing and advertising,linkedin.com/company/dracquisitionpro,delray beach,dr acquisition pro,florida,1-10,dracquisitionpro.com
united states,2014,b7uonBo5gCkYvA9BaXSF2wK6Q4NQ,marketing and advertising,linkedin.com/company/out-revolution-marketing,los angeles,"out revolution marketing, llc",california,1-10,outrevolution.com
united states,1997,2kwFAjbFZfCbWD9OVd4jmQymyc3H,marketing and advertising,linkedin.com/company/shoreline-interactive,irvine,shoreline interactive,california,1-10,shorelineinteractive.com
united states,2015,t2C21idsO92EyBVg9ul1KgkMp3p6,marketing and advertising,linkedin.com/company/innovative-dragon-group,chicago,innovative dragon group,illinois,11-50,innovativedragon.com
united states,2019,pbJesJtFepUGPKzfqlBjFg3e74p1,marketing and advertising,linkedin.com/company/carpe-diem-creativ-marketing,new haven,carpe diem creative marketing,connecticut,1-10,carpediemmarketing.org
united states,2011,AG3CZf25Y9vlT5dsiBekxQfpTyHy,marketing and advertising,linkedin.com/company/socially-tangled,palm bay,"socially tangled, llc",florida,1-10,sociallytangled.com
united states,2011,vTgaeXnfesSDrwAP8gim7gREtb8S,marketing and advertising,linkedin.com/company/amarquez.design,fresno,amarquez,california,1-10,amarquez.agency
united states,2023,987nLbzAulobGkw25kmOcw6xGBIu,marketing and advertising,linkedin.com/company/vivace-content,st. paul,vivace,minnesota,11-50,vivacecontent.com
united states,2019,Tb8UtSQexLPNXQZtwbNGDQpqv6tu,marketing and advertising,linkedin.com/company/dalmascreative,pottstown,dalmas creative llc,pennsylvania,1-10,facebook.com/dalmascreative
united states,,CWb0U5j4qKr4Xr2C7K7sWgpRK3Ap,marketing and advertising,linkedin.com/company/j.-morrison-group,,j. morrison group,,11-50,jmorrisongroup.com
united states,1982,eC1tItulT9LmWCR7CtciMwbyPkGv,marketing and advertising,linkedin.com/company/women's-marketing-inc-,westport,stella rising,connecticut,51-200,stellarising.com
united states,2006,MkWcB3BJ52HxHEP3tHB7Iwstvapa,marketing and advertising,linkedin.com/company/happy-hour-unlimited,irving,happy hour unlimited,texas,51-200,info2gosolutions.com
united states,2010,5NAxZE9qCK0YMMD3qCnZTglgNbqs,marketing and advertising,linkedin.com/company/alsettagency,las vegas,alsett.com,nevada,1-10,alsett.com
united states,2017,HiZBrKLRGJqd9KtwmQykMwWG26Q3,marketing and advertising,linkedin.com/company/visual-culture-agency,irvine,visual culture agency,california,1-10,visualcultureagency.com
united states,,4BlZ02j662EotaL9y4fRzAezcQif,marketing and advertising,linkedin.com/company/eureka-productions-inc,phoenix,eureka productions inc,arizona,1-10,eurekainternalarts.com
united states,2018,ESotByJcKsRppNXscfqztgnvzXJI,marketing and advertising,linkedin.com/company/aspiring-mompreneur,dallas,sapir management group,texas,1-10,sapirmanagementgroupllc.com
united states,2015,SeUAVJ6HBhUW5AmQcem7kg3O741K,marketing and advertising,linkedin.com/company/visualpoets,san francisco,visual poets,california,1-10,visual-poets.com
united states,,1MbmeLWofPYawN1WiuUr8gaenwK3,marketing and advertising,linkedin.com/company/g2-marketing,,g2 marketing,,51-200,
united states,1994,SgHWyKWEODLbNaqFBaoaLgptZCS2,marketing and advertising,linkedin.com/company/gerard-communications,chicago,gerard co.,illinois,1-10,contact-steve-to-see-work.com
united states,,ZTuWvvPhObaThfwB3Pel6gUn23fw,marketing and advertising,linkedin.com/company/pinnacle-list-company,arlington,pinnacle list company,virginia,11-50,pinnlistco.com
united states,1972,6lVwh2X7BdkBnnOBpOQHcglUfL52,marketing and advertising,linkedin.com/company/the-mars-agency,southfield,mars united commerce,michigan,501-1000,themarsagency.com
united states,2022,5pO1XmrvKL5eKqG6KJECJgBHyOok,marketing and advertising,linkedin.com/company/lafabrica-digital,weston,digital factory,florida,1-10,lafabrica.digital
united states,2019,pU9J0TOumwZ04sJtrddaCQrdtfPv,marketing and advertising,linkedin.com/company/bcause-you-can-llc,minneapolis,bcause you can llc,minnesota,1-10,bcauseyoucanllc.com
united states,2008,WgwOO4qtNfq3TE0ZUuYkgAALr1id,marketing and advertising,linkedin.com/company/righteous-marketing,,righteous marketing,,1-10,righteousmarketing.com
united states,,5YwBrJQPxfrb5frTeQRq3gACFm2t,marketing and advertising,linkedin.com/company/j-peck-jewelers,cincinnati,j peck jewelers,ohio,1-10,
united states,,CFbPLyZCErCA1T0cubABYwVUMUFB,marketing and advertising,linkedin.com/company/stellar-media,,stellar media,,51-200,stellarma.com
united states,,CgCAU0nMIbWULCkDYNRdbA8XtZwF,marketing and advertising,linkedin.com/company/nationwide-ministry,chicago,nationwide ministry,illinois,1-10,nationwideministry.com
united states,2023,BImqZiDd3hcKK5AMqmwvWggobimZ,marketing and advertising,linkedin.com/company/adoomz,,adoomz | solar energy seo agency,texas,1-10,adoomz.com
united states,1985,CqSVhY5BVs01MuwkB84LXwXTgooX,marketing and advertising,linkedin.com/company/affinity-marketing-services-corp.,mclean,affinity marketing services corp.,virginia,1-10,affinitymarketing1.com
united states,,ogMbf3SCWpH1X2xemB8cCg4s5C2u,marketing and advertising,linkedin.com/company/builden-partners,chicago,builden partners,illinois,11-50,buildenpartners.com
united states,,EGtc9l8zX5BJcBu7j431EwNTECVK,marketing and advertising,linkedin.com/company/blue-mountain-digital-marketing,pasco,blue mountain digital marketing,washington,1-10,bluemountaindigitalmarketing.com
united states,2023,ytIFC5FiZC9sGpeGdxHTWAn7MPbR,marketing and advertising,linkedin.com/company/rebel-of-honor,philadelphia,rebel of honor,pennsylvania,1-10,rebelofhonor.com
united states,2020,h05WsBAv6RrT7XX9Vgfh9A06wZQV,marketing and advertising,linkedin.com/company/haurakius,,hauraki,new york,1-10,hauraki.us
united states,2013,uexkd7rqQNnJjpDm2FBy2Qf6mrUL,marketing and advertising,linkedin.com/company/capture-social-media,santa monica,capture media llc.,california,1-10,capturesocialmedia.com
united states,2015,12BMCd0uzp1vccDN332VOAKvv0qM,marketing and advertising,linkedin.com/company/the-ingenio-marketing-llc,west new york,the ingenio marketing llc,new jersey,1-10,theingenio.com
united states,2012,vWM2BsVl3ngeA1JSYzC6wwEy0wmL,marketing and advertising,linkedin.com/company/dfy-lead-factory,lawrenceville,dfy lead factory,georgia,1-10,dfyleadfactory.com
united states,2012,gQ4Hw8yOgMemcVczHJSXfwTvbgYL,marketing and advertising,linkedin.com/company/empressinc-co,atlanta,empress inc,georgia,11-50,empressinc.net
united states,,6dQm91L4WWHaUwGie38D9Qmslr4s,marketing and advertising,linkedin.com/company/cms-creative-marketing-solutions-inc,stevenson ranch,cms creative marketing solutions inc,california,1-10,creativemarketingsolutions.info
united states,2006,hmG6aoCTXZYrbQMGwmDX6AkPWYmC,marketing and advertising,linkedin.com/company/network9,new york,network9,new york,1-10,network9.biz
united states,2024,5tBsRcwIkUyHmHj1ggqblwzgbSxe,marketing and advertising,linkedin.com/company/sunraiselife,eagle mountain,sunraise,utah,1-10,sunraise.life
united states,,NlPc2wucoff6A2D7wKD7WwC9hFvw,marketing and advertising,linkedin.com/company/national-hairdresser,garfield,national hairdresser,new jersey,11-50,
united states,2009,yAf0X1pjJ2mknn55QDvwDwseldmg,marketing and advertising,linkedin.com/company/wicked-wraps,mukilteo,wicked wraps,washington,1-10,wickedwraps.net
united states,2013,DG0vR9Le8TG2BDQIzJZ7CwCd4deN,marketing and advertising,linkedin.com/company/back-office-solutions-orange-county,orange,"bos media group, orange county",california,1-10,bosmediagroup.com
united states,,9DKQE8SClBQjuCghVYmVmwquVLKJ,marketing and advertising,linkedin.com/company/thomasanthony23,cleveland,thomas anthony,tennessee,1-10,modernpanacea.net
united states,2003,COL8BryEV8Z3vq6Ls0ny4QesWHH1,marketing and advertising,linkedin.com/company/bentonnewell-communication,raleigh,bentonnewell communication,north carolina,1-10,bennewcomm.com
united states,1990,y5iU4pw3lhFKSx2d4uEi0wlCsvK3,marketing and advertising,linkedin.com/company/david-perry-&-associates--ny,new york,david perry & associates- ny,new york,1-10,davidperryandassoc.com
united states,2001,ZtRIUDRaJ1cQZyeV34W1ug6iXr2b,marketing and advertising,linkedin.com/company/lpss-digitalmarketing,san francisco,lpss digital marketing,california,1-10,lpss.co
united states,,3o5KCtfLDDY4T7nuDB1vUgxi0NFC,marketing and advertising,linkedin.com/company/global-design-interactive,,global design interactive,,1-10,
united states,2020,AChA0Vp2um5AN1MlBovewQODcuw5,marketing and advertising,linkedin.com/company/brand-aid-marketing-llc,framingham,"brand aid marketing, llc",massachusetts,1-10,brandaid.marketing
united states,2008,SSLntbwRqiEqq1uQPLQY1gYKWlv5,marketing and advertising,linkedin.com/company/buarich,woodbridge,buarich group,virginia,11-50,buarich.com
united states,1997,RJV4eweLC3Xp9sPMyA8c6gSkD6sr,marketing and advertising,linkedin.com/company/j5media-com,,j5media.com,,1-10,j5media.com
united states,,SKEf4Belrv6ScWGQM4U7zgIBsmZh,marketing and advertising,linkedin.com/company/the-donum-group,,the donum group,,1-10,
united states,,T6AdPvOKJHEMwAgNOFSUQgj8ZwEn,marketing and advertising,linkedin.com/company/lsj-marketing,,lsj marketing,,201-500,
united states,2012,ouZjGF3dZBqw27e6WYBoAQY0jAzy,marketing and advertising,linkedin.com/company/dj-stults-enterprises-llc,winter haven,dj stults enterprises llc,florida,1-10,
united states,,BH8ZFSKFZOrbopAr5KXQUwPyFvip,marketing and advertising,linkedin.com/company/homegrown-media-marketing,wilmington,homegrown media marketing,north carolina,1-10,homegrownmediamarketing.com
united states,,m8PV8CQQChef7LCUaZNirgqWHeiQ,marketing and advertising,linkedin.com/company/creative-mpc,portland,creative mpc,maine,1-10,creativempc.com
united states,1994,fOCkWYGrMvBU21MeEuFBxgvLUaMh,marketing and advertising,linkedin.com/company/courtesy-call-inc-,las vegas,"courtesy call, inc.",nevada,201-500,courtesycall.com
united states,2020,oBrYvCDaCHKz7tOnTerznwuG80Kf,marketing and advertising,linkedin.com/company/s-a-marketing,roswell,s&a marketing,georgia,1-10,
united states,2023,hmof0CltKV1N380s6CYp5gqZsj7P,marketing and advertising,linkedin.com/company/attainaltitude,orem,attain altitude,utah,1-10,attainaltitude.com
united states,,vdtiWfmYrYJoTtgAJv0KywNj3I1k,marketing and advertising,linkedin.com/company/a-bag-full-of-goodies,roswell,a bag full of goodies,georgia,1-10,
united states,,YGYicKMhYUwTVClYVin5Cgo0eHKn,marketing and advertising,linkedin.com/company/brandgenuity,,brandgenuity,,1-10,
united states,2017,xpmagdiaCjmaPh5eQEBrXAWdMGYV,marketing and advertising,linkedin.com/company/king-media-lab,tempe,king media lab,arizona,1-10,kingmedialab.com
united states,1970,i0JXYk9S3KJftoUmiM5hawgCSf0T,marketing and advertising,linkedin.com/company/slate-marketing-inc-,winston-salem,"slate marketing, inc.",north carolina,11-50,slatemarketing.com
united states,2009,WbE61I0WCat2pNCurvAiQAQFA2CM,marketing and advertising,linkedin.com/company/rising-tide,annapolis,rising tide,maryland,1-10,risingtidepps.com
united states,2007,S6jkvSNUS8GNAfwDCzlxfgTcBPOj,marketing and advertising,linkedin.com/company/optimal-webworks,ann arbor,optimal webworks,michigan,1-10,optimalwebworks.com
united states,,flElreVd6vwbqWOM59cP1AuVZHZp,marketing and advertising,linkedin.com/company/blue-horizons-development,st. louis,blue horizons development,missouri,11-50,bluehorizondev.com
united states,2020,1ykhREEBH8AfCMf5bOYY2A2rxyMj,marketing and advertising,linkedin.com/company/rosemediallc,boston,rose media llc,massachusetts,1-10,rosemediallc.com
united states,,INuIoamZxYkNRg0bcrHxCArcrMfP,marketing and advertising,linkedin.com/company/beacon-hill-market,boston,beacon hill market,massachusetts,1-10,yelp.com/biz/beacon-hill-market-boston
united states,2018,pJJGgaM6sOM5D8Ck6l5FDQehV5Lq,marketing and advertising,linkedin.com/company/crusader-group,greenville,crusader group llc,michigan,1-10,crusader-group.com
united states,2021,AEJgi8BAz8RSKU0MUj7aYAObG984,marketing and advertising,linkedin.com/company/getyobo,boston,yobo,massachusetts,1-10,getyobo.com
united states,2019,XbLZWW0MWMDE7wI8ydQaBQWY6VWb,marketing and advertising,linkedin.com/company/think-new-marketers,garland,think new marketers,texas,11-50,thinknewmarketers.com
united states,2017,vHOux1MxLMNP3UtNNEWMYwir0Hvl,marketing and advertising,linkedin.com/company/virtuoso-design-studio,north las vegas,virtuoso design studio,nevada,1-10,virtuosodesignstudio.com
united states,2015,5fvsQ0LkNNQzdBw6viiVVwsDSFCM,marketing and advertising,linkedin.com/company/acconsultingservices,fort lauderdale,"ac consulting services of america, inc.",florida,1-10,acconsultingservices.com
united states,2008,0rjpLhUu79eD6yjZu2wYFQI5vnMd,marketing and advertising,linkedin.com/company/sixth-man-marketing,spokane,sixth man marketing,washington,1-10,sixthmanmarketing.com
united states,2006,TqMh6wR4qBPYFEJBa8UmUgw6ocLk,marketing and advertising,linkedin.com/company/jeremy-osborn-consulting,new york,jeremy osborn consulting,new york,1-10,linkedin.com/in/jdosborn
united states,,uqHo3rifNFZBylx5SbL8PQdzJ1wi,marketing and advertising,linkedin.com/company/affinity-marketing-group,,affinity marketing group,,11-50,
united states,,k1uw5bQtz6tw4uhXUFY7NQ5o186c,marketing and advertising,linkedin.com/company/bac-celebrity-product-placement,beverly hills,bac  celebrity product placement,california,1-10,bleuazurcorp.com
united states,,wPZKwuxfBHb5p2310JOHgQLGnSrv,marketing and advertising,linkedin.com/company/everest-creative-agency,elkhart,everest creative agency,indiana,1-10,everestcreativeagency.com
united states,2004,jYtHxz3T2tEnO492vU7nAgHG60m0,marketing and advertising,linkedin.com/company/wanderlust-media,westlake village,wanderlust media,california,1-10,wanderlustmedia.net
united states,,nTc4EF0Cp9CcHpvBaYMCSg8z45Wl,marketing and advertising,linkedin.com/company/gray-wolf-marketing,centreville,gray wolf marketing,virginia,1-10,graywolf.marketing
united states,,N2EhV34ekudiqhc5twhQSw2LkHg3,marketing and advertising,linkedin.com/company/federalsellinggroupllc,,"federal selling group, llc",north carolina,1-10,fedsell.com
united states,2018,l2dGzA6wBwjaoCIFd5oGyA3QmXib,marketing and advertising,linkedin.com/company/gyvagency,chicago,get your voice agency,illinois,11-50,gyvagency.com
united states,2021,Tl1zCla7ku6yEB32jadv6wTCMx3y,marketing and advertising,linkedin.com/company/blocktype,bend,blocktype studio,oregon,1-10,blocktype.studio
united states,2017,J0kuCU6rw1GWVYYyhfA4BgTeJeYy,marketing and advertising,linkedin.com/company/brandovate,detroit,brandovate,michigan,1-10,brandovate.com
united states,2011,npIQh7SrZQf5y8UCCi3SNAqsjTvr,marketing and advertising,linkedin.com/company/good-ear-music-supervision,los angeles,good ear music supervision,california,1-10,goodear.tv
united states,,jgJ9XtcGpiEuNDrVu020DgPm9uxn,marketing and advertising,linkedin.com/company/environmental-patterns,westlake village,environmental patterns,california,1-10,environmentalpatterns.com
united states,2019,jW7fh80l6QJZd00sNBeVvQkYy51J,marketing and advertising,linkedin.com/company/new-boston-communications,boston,new boston communications,massachusetts,1-10,newbostoncommunications.com
united states,1986,rsDS51iKgHjndbBAo3BbbQcOcmRT,marketing and advertising,linkedin.com/company/sidedoor-mobile-marketing,palmdale,sidedoor local marketing,california,1-10,
united states,1999,CD2o4M2WqIvwypC7L7pjpwZwW3MV,marketing and advertising,linkedin.com/company/mercury-communication-partners-llc,wauwatosa,"mercury communication partners, llc",wisconsin,1-10,mercuryww.com
united states,2021,z3R8aeIMGZC2pPBwY3JBNwvrCl85,marketing and advertising,linkedin.com/company/buter-up,austin,buter up,texas,1-10,buterup.com
united states,2003,lfCBgT9ZhMdPRvcsLgHyAgzmaaqB,marketing and advertising,linkedin.com/company/arthur-agency,carbondale,arthur agency,illinois,11-50,arthuragency.com
united states,,7vS5g6zHdDDHEqEOeLoChQFkb0Pz,marketing and advertising,linkedin.com/company/seocharleston,charleston,seo charleston,south carolina,1-10,seo-charleston.com
united states,2017,9Q81YCSlmVXzNShzjWcpzABZd11v,marketing and advertising,linkedin.com/company/f-a-d-e-network-studio,los angeles,apt22,california,1-10,apt22.io
united states,,75u27SbqlTkkMKudCCbPlw8e4uaV,marketing and advertising,linkedin.com/company/signs-by-tomorrow-rock-hillsc,rock hill,signs by tomorrow - rock hill,south carolina,11-50,
united states,,jUrsuomH9BO8N5dn3bKJYQZM4QG6,marketing and advertising,linkedin.com/company/operam-llc,los angeles,"operam, inc.",california,51-200,operam.com
united states,,uBcKB7JVs49h2vpDq051uguJsTQP,marketing and advertising,linkedin.com/company/tru-realm,greensboro,tru realm,north carolina,1-10,trurealm.com
united states,2020,OgVW9bjcjroIUhYoFbjoEwLLtnGd,marketing and advertising,linkedin.com/company/nord-marketing-agency,buffalo,nord marketing agency,new york,1-10,nordmarketingagency.net
united states,,k9ZW9xITYCnfJ2dAEg8Bigz2WLGj,marketing and advertising,linkedin.com/company/sarkis-jewelry,honolulu,sarkis jewelry,hawaii,1-10,
united states,2017,0Ch3ak7dm0oiHZ5GRfh30AUWdoEM,marketing and advertising,linkedin.com/company/rhomb-llc,miami,rhomb,florida,1-10,rhombglobal.com
united states,2012,1JG0HWvDECsln8VnDKtCQwfIFKQf,marketing and advertising,linkedin.com/company/river-city-marketing-inc-,los altos,"river city marketing, inc.",california,11-50,rivercitymarketing.org
united states,2019,r7gbyuiKyExEsvPrDjrdHAra8QMd,marketing and advertising,linkedin.com/company/agency-chief,arlington,agency chief,virginia,201-500,agencychief.com
united states,2002,Q5GAiIzdVVqeCp6LD6IkJgvwlzlU,marketing and advertising,linkedin.com/company/kustom-creative,pasadena,kustom creative,california,11-50,kustomcreative.com
united states,2002,KNd9SRSqKy3MyYehWGHB8gq6jKWs,marketing and advertising,linkedin.com/company/trioadv,burkburnett,triocollective advertising,texas,1-10,trioadv.com
united states,2005,qlDDvCI08rgp04LDcpTM1wWRc6oz,marketing and advertising,linkedin.com/company/gxslifestyle,woodland hills,gxs sports lifestyle collective,california,1-10,instagram.com/gxs_sportslifestyle
united states,2017,gWn6UpY83QfnQiT2DGBaAwH0QXiw,marketing and advertising,linkedin.com/company/llizo-marketing,miami,llizo marketing,florida,1-10,llizo.marketing
united states,,yvBRALpxsP4VvNqFKmnDPgHiMFeF,marketing and advertising,linkedin.com/company/gearsite,waterloo,gearsite,iowa,1-10,gearsite.net
united states,2012,b6IO8ZLmu3bBJJjq7iL9HQzrYN54,marketing and advertising,linkedin.com/company/elsqrd,houston,elsqrd media group,texas,1-10,elsqrd.com
united states,,QF31JId1LbNm2JHd0hRkVAvuyaY3,marketing and advertising,linkedin.com/company/mess-c-desk-productions,bicknell,mess c desk productions,indiana,1-10,darbysworld.net
united states,,A6N5bFkZTEvFrP2XhiCxDg9MiGJk,marketing and advertising,linkedin.com/company/image-pro-graphics,st. clair shores,image pro graphics,michigan,1-10,imageprosigns.net
united states,2012,Cdi0CgmCCKfURfgb1lSx9QMlKPr7,marketing and advertising,linkedin.com/company/host-cloud-solutions-llc,muskegon,t. walker consulting inc.,michigan,1-10,hostcloudsolutions.com
united states,,8AwdeiHo2pBPWPX8EGf1fQBs2HQq,marketing and advertising,linkedin.com/company/mita-international,florissant,mita international,missouri,11-50,
united states,1993,xvK8FnePr4BwZMP5BXP6WwkaFrvd,marketing and advertising,linkedin.com/company/united-advantage-signs-inc.,oldsmar,"united advantage signs, inc.",florida,51-200,usigns.com
united states,2018,zWa3V0Cjbs1u7tyBzxkZJAt4peG2,marketing and advertising,linkedin.com/company/truevail,st. petersburg,truevail,florida,1-10,
united states,,RMR8r9gCaRuvoRuQJLcMJw395PJI,marketing and advertising,linkedin.com/company/bankhouse-communications,new hope,bankhouse communications,pennsylvania,1-10,bankhousecommunications.com
united states,,INfI2BRFFM5aSy6TFD7BoA3bBnmx,marketing and advertising,linkedin.com/company/mks-marketing-inc.,austin,mks marketing inc.,texas,1-10,mksmarketing.com
united states,2013,bFDFLuJa03AQZvB4DbGG9QUyATin,marketing and advertising,linkedin.com/company/media-marketing-minds,pasadena,media & marketing minds,california,1-10,mediamarketingminds.com
united states,2018,srv4b2gKOsJRuCzFvwkBLwlkGobi,marketing and advertising,linkedin.com/company/bak-marketing-llc,rockford,bak marketing llc,michigan,1-10,bakmarketingllc.com
united states,2016,d3Z3TY1aBERfBeRmiiKVIgZzGCUk,marketing and advertising,linkedin.com/company/social-24-inc-,coconut creek,social 24 inc.,florida,1-10,aliciakonsker.com
united states,2011,TUTntoNPadtWWccPiBDdqwBprmQh,marketing and advertising,linkedin.com/company/spry-social-media-marketing,vancouver,spry,washington,1-10,thinkspry.com
united states,2017,iDjLD00IyLaiXFkpx55MYQhuhMlb,marketing and advertising,linkedin.com/company/bestbusinessreviewstv,houston,best business reviews tv,texas,1-10,bestbusinessreviewstv.com
united states,2018,a5nhvgF5CCxsuaLZMe3IGAakdFDS,marketing and advertising,linkedin.com/company/prime-pixel-llc,mount pleasant,prime pixel llc,michigan,1-10,primepixel.org
united states,2002,pxJFMl01XBCktqq7rKlbVQysRauc,marketing and advertising,linkedin.com/company/smith-brothers-agency,pittsburgh,smith brothers agency,pennsylvania,51-200,smithbrosagency.com
united states,2022,paJn22jgeeD15hAtEvNssw9bKrSl,marketing and advertising,linkedin.com/company/econic-agency-llc,chicago,"econic agency, llc",illinois,1-10,econicagency.com
united states,2015,LEQYM7AHU7u9B99a6a172QpwHglG,marketing and advertising,linkedin.com/company/frascone-e-soci-llc,sarasota,frascone e soci,florida,1-10,frascone.us
united states,,WsvWlIe9ESDHUTwzxBobQA7EApkc,marketing and advertising,linkedin.com/company/jc-marketing-management,miami,jc marketing management,florida,1-10,jcmarketingm.com
united states,,sdCXzt3eISUhnS2WO540jAI7zImb,marketing and advertising,linkedin.com/company/vel-inc,fernley,vel inc,nevada,1-10,
united states,2012,UchYKw7NxjvVtBGCBWU92wYMMn78,marketing and advertising,linkedin.com/company/goldstein-vespi-&-vazquez,totowa,bamf group,new jersey,51-200,bamfgroup.com
united states,2013,AcX9YIUABghSFCQjgAKBggt3n5iJ,marketing and advertising,linkedin.com/company/brandbliss,yonkers,brandbliss,new york,1-10,brandbliss.net
united states,2021,tM4QN1dB3M30VrkjWYpIAg5TUbpc,marketing and advertising,linkedin.com/company/gotcom,delaware city,gotcom,delaware,1-10,
united states,,sujafhe78C9j50f8nyXgYA5a0wUq,marketing and advertising,linkedin.com/company/atam-marketing-llc,miami,"atam marketing, llc",florida,1-10,
united states,2018,ehxMOgqKBNAuEpUrA7Ny7ANvUwRh,marketing and advertising,linkedin.com/company/jessica-latimer-consulting,north smithfield,jessica latimer consulting,rhode island,1-10,
united states,2017,PtOMj2VcR9SBmQFiwyeYtQN9IGgt,marketing and advertising,linkedin.com/company/royer-marketing-communications,nampa,royer marketing & communications,idaho,1-10,
united states,2016,vCE5kBhYEaydbqptVDB0aAW5ZwQN,marketing and advertising,linkedin.com/company/original-genius-media,los angeles,original genius media,california,1-10,originalgeniusmedia.com
united states,2010,0rP6RzwEwCQ85huZgeOi4Q3wTpM0,marketing and advertising,linkedin.com/company/jamie-dunham-brand-wise,nashville,brand wise collective,tennessee,1-10,jamiedunham.com
united states,2015,suOpRdz7JU0nwl1NCq0SEgwO1uQG,marketing and advertising,linkedin.com/company/msocial-strategies-inc-,chicago,msocial strategies inc.,illinois,1-10,msocialstrategies.com
united states,,V3vUVQURalpbggdwksXyGwAijWya,marketing and advertising,linkedin.com/company/pell's-farm-service-inc.,fremont,"pell's farm service, inc.",michigan,11-50,pellsinc.com
united states,2024,Trb632UklnlidFQRQezBrAQpIIsV,marketing and advertising,linkedin.com/company/convhersation,hartford,welloff podcast,connecticut,1-10,welloffpodcast.com
united states,2008,uboEGiffbuTG4KIPNyBFrQ99wftc,marketing and advertising,linkedin.com/company/cool-stream,birmingham,coolstream,alabama,1-10,coolstream.io
united states,2000,bIgr43mUU9ERDBE4ewVBZQsQ4ODz,marketing and advertising,linkedin.com/company/first-look-display-group-inc,bensalem,"first look display group, inc",pennsylvania,11-50,
united states,2013,YUnmqBrBPh1VkGVdhhfCxgdUkkhE,marketing and advertising,linkedin.com/company/jdotcooley,mobile,jdotcooley,alabama,1-10,jdotcooley.com
united states,2019,fVI8YqSCzBDjp16WbdSUBgFZITsk,marketing and advertising,linkedin.com/company/mccaplan-consulting-group,woodland hills,mccaplan consulting group,california,1-10,mccaplan.com
united states,,N2a5paAWLry14gz6kKcqGQnxfSQU,marketing and advertising,linkedin.com/company/majestic-dude-ranch-llc,mancos,majestic dude ranch llc,colorado,1-10,majesticduderanch.com
united states,2011,htP74y8jfBytGdGQltC1QQZzbRC1,marketing and advertising,linkedin.com/company/rgb-concept,miami,rgb concept,florida,1-10,rgbconcept.com
united states,,C0s6LEknM2IkpWFw1aCVxAnU4Wy7,marketing and advertising,linkedin.com/company/guaranteed-christmas,cleveland,guaranteed christmas,ohio,1-10,
united states,2020,NS6cK0VV8uz5U1IF2RhfTgLPuApy,marketing and advertising,linkedin.com/company/the-dov-management-group-llc,summerdale,"the dov management group, llc",alabama,1-10,thedovgroup.com
united states,2001,4pAa1QELf87fpLVKiOm4VAdtNziS,marketing and advertising,linkedin.com/company/civilian-creative,clarendon hills,gene payne + partners,illinois,1-10,gene-payne.com
united states,2017,bH8VrC9Nsf9KneoZA2HXYAmt5NJ9,marketing and advertising,linkedin.com/company/mulkey-media,chattanooga,mulkey media,tennessee,1-10,mulkeymedia.com
united states,,Awc0dmTN6JSYYTt18pVWNQ9EWxj0,marketing and advertising,linkedin.com/company/brightlydigitalmarketing,los angeles,brightly digital marketing,california,1-10,brightlydigitalmarketing.com
united states,2011,mxheslGBO6rypB3NHIIiHg6axxIq,marketing and advertising,linkedin.com/company/hutton-advertising,nashville,hutton advertising,tennessee,1-10,huttonadvertising.com
united states,,UZj1R0P8FAa6b4XQMDS3PQzfUam3,marketing and advertising,linkedin.com/company/wearegiants.,,wearegiants.,,1-10,wearegiants.com
united states,2009,6MtGXi2JmEag9J50Es7c6Q3PjjKI,marketing and advertising,linkedin.com/company/orabrush-inc-,orem,orabrush inc.,utah,11-50,orabrush.com
united states,2002,O9lB4XTpC8OvDIAFiLHHnQcGN1hp,marketing and advertising,linkedin.com/company/strategic-business-solutions-sbs-,,strategic business solutions (sbs),,1-10,sbs-one.com
united states,2014,aesvDkM46dP4dXHXY9TOtAZ6uyyM,marketing and advertising,linkedin.com/company/cosmo-digital-marketing,port saint lucie,cosmo digital marketing,florida,1-10,cosmodigitalmarketing.com
united states,,yAeXn1uuvIsM3FKRwGeKRwi48LYa,marketing and advertising,linkedin.com/company/psmcommarts,hermosa beach,paolucci salling & martin,california,11-50,psmcommarts.com
united states,2019,01MQIas0aC9pdkBKvet6Ng9bNSmQ,marketing and advertising,linkedin.com/company/afamousjoint,clarkston,famous joint co,georgia,1-10,afamousjoint.com
united states,,MkQgmhYhDIhCn9CmTk1NxAgABOGC,marketing and advertising,linkedin.com/company/knutson-construction-co,rochester,knutson construction co,minnesota,1-10,
united states,,t6z5s1x4TgPfKrEUyiPU0AFYX7Lw,marketing and advertising,linkedin.com/company/contra-costa-newspapers,sacramento,contra costa newspapers,california,51-200,
united states,,jLqan6ScagEkIAASKVpmdAkFIZfh,marketing and advertising,linkedin.com/company/legit-marketing-group,lexington,legit marketing group & consulting,kentucky,11-50,legitmarketinggroup.com
united states,2024,8C1MBxNfgzKJFNqljvYddAP8OMmO,marketing and advertising,linkedin.com/company/david-lisle-creative-solutions,dana point,david lisle creative solutions,california,1-10,davidlislecreativesolutions.com
united states,,JJCO2pgB1WKie9j4zsDfswkAKceY,marketing and advertising,linkedin.com/company/yungpoints,west palm beach,yungpoints,florida,1-10,yungpoints.com
united states,2019,6SiG39EjHiLivMavPd6HUAHSaQ3x,marketing and advertising,linkedin.com/company/skylowe,dayton,skylowe marketing agency,ohio,11-50,skylowe.com
united states,2004,BLvJQz9xh3NMNWV5JR1S1AxlGO5L,marketing and advertising,linkedin.com/company/photography-by-carolyn,atlanta,brand-aid,georgia,1-10,brandaidpublishing.com
united states,,DCVKtPmSGClFvvlbBAVVTQzci0zS,marketing and advertising,linkedin.com/company/gilliland-design-and-advertising-llc,gold hill,gilliland design and advertising llc,oregon,1-10,gdesigna.com
united states,2015,8BLCHjepSWesVC46y1iEGwRlLnpt,marketing and advertising,linkedin.com/company/gypsum-media,new york,elemeno,new york,1-10,rebeccabatterman.co
united states,2022,faSvTl3tCLIIBC2HMkLmjAxiEFNc,marketing and advertising,linkedin.com/company/champion-digital-media-tn,nashville,champion digital media,tennessee,1-10,championdigitalmedia.com
united states,2020,qzLQKJTmxMsg6h6SuWYwVQMzC636,marketing and advertising,linkedin.com/company/cyan-creative-consultancy,scottsdale,cyan creative consultancy,arizona,11-50,cyancreativeconsul.wixsite.com/cyancc
united states,1996,wKvApGFOOm0roW28AmcY6QoMpXBw,marketing and advertising,linkedin.com/company/letteringonthecheap-com,lake city,lettering on the cheap,florida,11-50,letteringonthecheap.com
united states,,Iioy3fdhmygjz2iXzuwjSgquxwc2,marketing and advertising,linkedin.com/company/mesa-signs,pennsauken,mesa signs,new jersey,1-10,mesasigns.net
united states,2005,UTPiXkBgpHqb7zRjC4CRSAUbYVgU,marketing and advertising,linkedin.com/company/madeitstick,philadelphia,made it stick,pennsylvania,1-10,madeitstick.com
united states,2014,Ihj3yNSIGfZpbx1fQ9IcgwOb53iS,marketing and advertising,linkedin.com/company/results-on-air,mountain view,resultsonair,california,11-50,resultsonair.com
united states,,9gWOB5st0N7elDf8RflI6gPDjtv4,marketing and advertising,linkedin.com/company/ashli-pollard,new york,the do-ers,new york,1-10,teamap.consulting
united states,2004,mTyYSjt7El7lcqF9XXQ85wTE1aQF,marketing and advertising,linkedin.com/company/mdx-global-inc-,irvine,"mdx global, inc.",california,51-200,mdxglobalinc.com
united states,,OfuvHJuE7RCBy1tcz8HBbQpH3AEu,marketing and advertising,linkedin.com/company/launch-promotions-kc,kansas city,launch promotions kc,missouri,1-10,launchpromotionskc.com
united states,2019,Y14zirDLh7ZIr6D6At3EdwlzuWT2,marketing and advertising,linkedin.com/company/n-e-w-digitalmedia,manitowoc,n.e.w. digital media,wisconsin,1-10,facebook.com/northeastwidigitalmedia
united states,,mvf2xMcsUsUKBOB40XwKEwE5E58R,marketing and advertising,linkedin.com/company/impact-printing-and-advertising,san diego,impact printing and advertising,california,1-10,impactprintingandadvertising.com
united states,2010,hKpmjTdfMXNiHePLTxApSw22NY6K,marketing and advertising,linkedin.com/company/sawbuxmarketing,lexington,sawbux marketing,kentucky,11-50,sawbuxmarketing.com
united states,2017,Ywk8iDEqeBkBTTnCGzb0OAWeilMM,marketing and advertising,linkedin.com/company/altmarkethelp,charleston,"alternative marketing, llc",south carolina,1-10,
united states,,HUjOMi91yVssNRQzHhiPMgStJIDW,marketing and advertising,linkedin.com/company/tradebankofnashville,nashville,tradebank of nashville,tennessee,1-10,
united states,,WOXoCPZ7Yv1907X9bE2WBACpJS9i,marketing and advertising,linkedin.com/company/creative-marketing-resources-inc.,milwaukee,"creative marketing resources, inc.",wisconsin,1-10,
united states,2010,Wuz0pUgSviGLZD7CfypcMgtDKVp9,marketing and advertising,linkedin.com/company/accelerank-web-marketing,miami,accelerank,florida,1-10,accelerank.com
united states,2004,BaFKchBVwqWCGGJ01OhTvQr0DXOw,marketing and advertising,linkedin.com/company/derek-rice-marketing-communications,kennebunk,derek rice marketing communications,maine,1-10,derekrice.com
united states,,tJJpTulFIqRCaFjdTEf8jAJNb5n3,marketing and advertising,linkedin.com/company/students-for-safe-water,mission viejo,students for safe water,california,1-10,sfsh2o.org
united states,,YWj1qern3X8hFblWPocl2gbxYs9W,marketing and advertising,linkedin.com/company/jasin-advertising-inc.,chicopee,"jasin advertising, inc.",massachusetts,1-10,jasinadvertising.com
united states,1998,MZIDvBD2EbbRUWsu1jmcjQc8EoE3,marketing and advertising,linkedin.com/company/proforma-graphic-printsource,corona,proforma graphic printsource,california,1-10,
united states,,ZkALgBGaBkUhGYsae7n00QmyJNCj,marketing and advertising,linkedin.com/company/steelhead-communications-llc,portland,"steelhead communications, llc",oregon,1-10,steelhead-communications.com
united states,,NdFKd7syRy0mDwbHCFRt3g9skgjt,marketing and advertising,linkedin.com/company/gi-logistics,greeley,gi logistics,colorado,1-10,
united states,1999,9LpAG71BVyfp2t7yzHCuEQyVnLFG,marketing and advertising,linkedin.com/company/reedesign,canyon lake,reedesign,texas,1-10,reedesign.com
united states,,YaGQPc3TgheCagvBAZ3SHAQXtfZ3,marketing and advertising,linkedin.com/company/alaska-impact-marketing,anchorage,alaska impact marketing,alaska,11-50,alaskaimpactmarketing.com
united states,2011,jaC1fhmLcPYJoSudNy3Xagj1f2nn,marketing and advertising,linkedin.com/company/blue-lite-marketing-company-llc,denver,"blue lite marketing company, llc",colorado,1-10,bluelitemarketing.com
united states,2018,hZX7eYmFWcI1W0nkQpwBggreZFKF,marketing and advertising,linkedin.com/company/coffeengrace,hopkinsville,"coffee & grace: social media consulting, llc",kentucky,1-10,coffeengrace.com
united states,2022,bFREfC8SWSfIcyHj61xfnw57xw3H,marketing and advertising,linkedin.com/company/caffeinated-media-llc,los angeles,caffeinated media,california,1-10,caffeinatedmedia.myportfolio.com
united states,2014,wCHMMB0Q4Gf0YyBymkEpXQ8wzP40,marketing and advertising,linkedin.com/company/marsupial-intellect,chicago,canvas labs | north america,illinois,11-50,canvaslabs.net
united states,2008,jkkjLaQpVc20T0UBHM28hQmve70S,marketing and advertising,linkedin.com/company/inclined-to-create,los angeles,inclined to create,california,1-10,inclinedtocreate.com
united states,,KG8NEUY6Sp3nRL0ORLVoJwvHtzN6,marketing and advertising,linkedin.com/company/raagini-restaurant,mountainside,raagini restaurant,new jersey,1-10,raagini.com
united states,2011,BCT3V1Kzz571k0dKqBkozQGlB2Bk,marketing and advertising,linkedin.com/company/webaciti,atlanta,webociti,georgia,11-50,webociti.com
united states,2018,xLVKpmJBNvSpOJPB0qzIdQ7t6GmL,marketing and advertising,linkedin.com/company/boldstreakagency,new york,boldstreak,new york,1-10,boldstreak.com
united states,1977,mhDlWF4wCT0RvYCNnifc6wa44KGi,marketing and advertising,linkedin.com/company/new-business-america,marietta,new business america,georgia,11-50,newbusinessamerica.com
united states,2007,vUzItFjJt7FyEhvpyo0b7gIgziLF,marketing and advertising,linkedin.com/company/nyc-socialites-media-llc,brooklyn,nyc socialites media llc,new york,1-10,nycsocialitesmedia.us
united states,,x71IKC0qHUsbi0SoHVwmRwgyvogi,marketing and advertising,linkedin.com/company/creative-engine-inc,austin,creative engine inc,texas,1-10,creativeengineinc.com
united states,2016,nQDS0EUJLL8dWEEpnmTGRwYQis8M,marketing and advertising,linkedin.com/company/keystone-professionals,carnegie,keystone professionals,pennsylvania,11-50,keystoneprofessionals.com
united states,,HDlbmEUnRWfPMMdmRkTbrQifxDId,marketing and advertising,linkedin.com/company/far-east-freight,gardena,far east freight,california,1-10,
united states,2012,jbFTQHG26srqRCYB6dif8wtZJW57,marketing and advertising,linkedin.com/company/guidewell-connect,jacksonville,guidewell connect,florida,1001-5000,guidewellconnect.com
united states,2012,qBfegB7xqulagzmYxCdsewSzCGCZ,marketing and advertising,linkedin.com/company/socialmarketers,sarasota,socialmarketers,florida,1-10,bonfbiz.com
united states,2013,4mlRD5GaEQcZ5zbXrYvKXAljSg9t,marketing and advertising,linkedin.com/company/content-with-teeth-llc,babcock ranch,content with teeth,florida,1-10,contentwithteeth.com
united states,,nHuteL7p4MQmtWl4ew8Tmwlgtn9y,marketing and advertising,linkedin.com/company/cyber-monday,,cyber monday,new york,11-50,
united states,2004,wwZLtU5fMbKxoSmwkCaMqgHqHy2a,marketing and advertising,linkedin.com/company/period-media-inc,los angeles,period media inc,california,1-10,
united states,1980,rUH70hOuLHst7DNEtnCrPAns3MTm,marketing and advertising,linkedin.com/company/sunman-direct-inc,,"sunman direct, inc",,1-10,sunmandirect.com
united states,2012,oNgsBlOwPvvE26UwpONejAD8EdGp,marketing and advertising,linkedin.com/company/san-francisco-school-of-copywriting,san francisco,san francisco school of copywriting,california,1-10,sanfranciscoschoolofcopywriting.com
united states,,A0mLqB58lCkJ16ITxtSVbgM07MBH,marketing and advertising,linkedin.com/company/thomas-signs-llc,canby,thomas signs llc,oregon,1-10,
united states,2015,QoORTPWWjgvWqKCUfoioEg6cPUcZ,marketing and advertising,linkedin.com/company/innovast-digital-marketing,griswold,innovast digital marketing,connecticut,1-10,innovast.com
united states,,TkrCsIBiwP7OaZMw5CMmIAPADdbT,marketing and advertising,linkedin.com/company/crc-media-llc,new york,"crc media, llc",new york,11-50,crcmedia.com
united states,,eyhCqFRcvVNFCjSKNC042QFRre3N,marketing and advertising,linkedin.com/company/renderings.com,,renderings.com,,11-50,renderings.com
united states,2015,EmtC6TCjWkRnnB9rkB8I1gIOq1gJ,marketing and advertising,linkedin.com/company/digivid360,scottsdale,digivid360,arizona,11-50,digivid360.com
united states,2015,8VABNDF3ciZ55AACUGy2CgUvntQM,marketing and advertising,linkedin.com/company/amplifiedreach,cincinnati,amplified reach llc,ohio,1-10,jeinternetmarketingservices.com
united states,,IMF0MWBFB7yIfUt6BZHATwoLePtm,marketing and advertising,linkedin.com/company/adpotential,san francisco,adpotential,california,1-10,
united states,,Z5Ckx9n4w5vOvWBbhGnmKAGif2r3,marketing and advertising,linkedin.com/company/bell-photographics,canyon country,bell photographics,california,1-10,bell-photographics.com
united states,2000,7d6g85AsVUj3EGLtQ51XDgeS3QtD,marketing and advertising,linkedin.com/company/advantage-success-coaching,south hampton,advantage success coaching,new hampshire,1-10,carolbostic.com
united states,2016,7uhMnFLN49kzjFwBLU1BhA1tFASA,marketing and advertising,linkedin.com/company/the-social-medics,st. charles,the social medics,missouri,1-10,thesocialmedics.com
united states,,ezneJtbW1Fc4v5Ch58pI3g2Hstj0,marketing and advertising,linkedin.com/company/owen-distributors,fort worth,owen distributors,texas,1-10,
united states,,u0dgoOrS6lOSGeCFu7avDwwkh476,marketing and advertising,linkedin.com/company/hammer-racing-engines,bloomsburg,hammer racing engines,pennsylvania,1-10,hamnerracingengines.com
united states,2019,AAKFquvCjn7ORZ1aBkowGwmVbcCl,marketing and advertising,linkedin.com/company/media-conclusion,jonesboro,media conclusion,arkansas,1-10,mediaconclusion.com
united states,2017,9tCG2GsknSWabq7OIECBIgcSnt1n,marketing and advertising,linkedin.com/company/superdemand,ann arbor,50+ optimizations dashboard cro sem ux - digital iq,michigan,1-10,digitaliqsuite.com
united states,,IdcS4tyHFPUTHL3mhSBQVgShpJGp,marketing and advertising,linkedin.com/company/feller-design-inc,wauwatosa,feller design inc,wisconsin,1-10,
united states,2010,KEgdfQiVKDrhMOoiht1YAw9aypD0,marketing and advertising,linkedin.com/company/mediamanna,melville,mediamanna,new york,1-10,mediamanna.com
united states,2001,jZIDtyBaJWm3UjUtgVu3Xwm4ctTB,marketing and advertising,linkedin.com/company/premier-team-international,scottsdale,premier team international,arizona,11-50,premierteaminternational.net
united states,2017,LxLNCwecKCHt8qtQHnoQSQKiKYSu,marketing and advertising,linkedin.com/company/blue-ladder-brand-solutions-llc,westminster,blue ladder brand solutions llc,colorado,1-10,
united states,,BKLOh8eTa7Q4LXFdWlatmA9uFLyv,marketing and advertising,linkedin.com/company/ims-total,miami,ims total,florida,11-50,imstotal.com
united states,1998,IEYsXh5N0faYfulHXrCmcg8hwofy,marketing and advertising,linkedin.com/company/contrast-creative-inc-,cary,"contrast creative, inc.",north carolina,11-50,contrastcreative.com
united states,2018,oiGIBZuaouBECvi8IB9DkQZvAgD3,marketing and advertising,linkedin.com/company/terry-schilling-copywriting,chicago,terry schilling copywriting,illinois,1-10,terryschillingwrites.com
united states,2013,SwEiHTm3oXm431rkMcnwsQh1kUXV,marketing and advertising,linkedin.com/company/the-golf-director,myrtle beach,the golf director,south carolina,1-10,thegolfdirector.com
united states,2017,vjEn6By8RHChumsv63IDYgEoPUDn,marketing and advertising,linkedin.com/company/contour-of-luxury,beverly hills,the contour of luxury,california,1-10,contourofluxury.com
united states,2018,gXJEvgSXCrPzMv9qq3C6bAiv4HCL,marketing and advertising,linkedin.com/company/swingman-us,dover,swingman,delaware,1-10,swingman.us
united states,2007,mrtHsCwXrCKjENVoldWv9QYRkm8H,marketing and advertising,linkedin.com/company/makpro-services-llc,mesa,makpro services llc,arizona,1-10,makprosvc.com
united states,2001,hfNMC5jgbziN70lfZp0EHQOGYrZf,marketing and advertising,linkedin.com/company/the-countess-group-ccg,orlando,the countess group dba ken is email - marketing coaching,florida,1-10,thecountessgroup.com
united states,2011,6oBxKUqieu0XDiodGsMSDgLna5oL,marketing and advertising,linkedin.com/company/open-road-creative-marketing,cincinnati,open road creative marketing,ohio,1-10,openroadcm.com
united states,,RAVCq7iuHuMdGf7Zav7QVAYJiljt,marketing and advertising,linkedin.com/company/amausf,tampa,ama university of south florida,florida,11-50,usfama.org
united states,2011,NkyFDvHlHRaAO0dpUBCjPwIdp4G3,marketing and advertising,linkedin.com/company/left-hand-marketing,crystal lake,left hand marketing,illinois,1-10,lefthandmarketing.com
united states,2017,NMEnpQ3nZCcr5u0QtOsfcAkBgfVF,marketing and advertising,linkedin.com/company/get-way-official,los altos,get way official,california,11-50,getway.us
united states,,sOqyZjHBIrHCiV0xMs8KUgCSs0Pg,marketing and advertising,linkedin.com/company/jbc-global-marketing,fairfield,jbc global marketing,connecticut,1-10,
united states,2019,CxtR0ADZTOCMNhCNUCk9BQ0KEMrC,marketing and advertising,linkedin.com/company/track-yard-agency,los angeles,track yard agency,california,1-10,trackyardagency.com
united states,2019,JXuY4T9PT2VnykQxaWSg6g9Sr9OT,marketing and advertising,linkedin.com/company/pureboxnutrition,louisville,purehealthnfitness,kentucky,1-10,purehealthnfitness.com
united states,2016,ZRpyBaojWdPZaH8IBA6y4wmeDSOB,marketing and advertising,linkedin.com/company/chunky-sheep-advertising,charlotte,chunky sheep advertising,north carolina,1-10,chunkysheep.com
united states,2012,CLHUMUyoZCAwcpu6HPCELgi4yh01,marketing and advertising,linkedin.com/company/the-skyline-agency,dallas,the skyline agency,texas,11-50,theskylineagency.com
united states,2019,cssetPR6HBlCqxFhOFb5NAeSsV6Y,marketing and advertising,linkedin.com/company/funcle-digital-strategies,anaheim,digital fisher marketing,california,1-10,digitalfishermarketing.com
united states,,ywdKOSr1buWlZ4zWyOiNQwUFd0kb,marketing and advertising,linkedin.com/company/baker-custom-photo,phoenix,baker custom photo,arizona,1-10,bakercustomphoto.com
united states,2007,m1iSDXCqFz9zCpctLbCOuwX0plIZ,marketing and advertising,linkedin.com/company/charlie-mason-radio,inman,charlie mason media,south carolina,1-10,charliemasonradio.com
united states,2013,QzsQSp8u3JbvQK8zDCDD7wamUzVt,marketing and advertising,linkedin.com/company/jane-smith-agency,new york,jane smith agency,new york,11-50,janesmithagency.com
united states,2011,EcyAV0BFvCUXaAuyB09DFgn5j6ra,marketing and advertising,linkedin.com/company/the-lift-factor,essex,the lift factor,connecticut,51-200,theliftfactor.com
united states,,enEVaqTblrZCgmKF9umtTwkeMacC,marketing and advertising,linkedin.com/company/creatalytics-digital-marketing,malibu,creatalytics digital marketing,california,1-10,creatalytics.com
united states,2020,BrA6JkksDDmGCO8Cc1lcCAG84cwt,marketing and advertising,linkedin.com/company/gsg-marketing,miami,grow2,florida,1-10,gsg-marketing.com
united states,1995,Kj1ZeX4pCCNJINCX6y8RBQUUSpAl,marketing and advertising,linkedin.com/company/egg-strategy,denver,egg strategy,colorado,51-200,eggstrategy.com
united states,1992,pU8AIIOUfClscLPe9EyI5Av6yMmy,marketing and advertising,linkedin.com/company/showcase-promotions--powered-by-adbs,glenwood,american diversity business solutions,minnesota,11-50,americanmin.com
united states,,RYrPRLOiFjULZXq4OK4qxQiXoNyM,marketing and advertising,linkedin.com/company/ridgeline-content-monetization-and-associates,atlanta,ridgeline content monetization and associates,georgia,1-10,ridgelinecma.com
united states,2009,GCMxEZsQErQF8SVWUcL1hQm0HeG7,marketing and advertising,linkedin.com/company/spider-trainers,lakewood,spider trainers,colorado,1-10,spidertrainers.com
united states,2015,CdoHWjj0ce7DB1dBHtdeYQQPn7Cb,marketing and advertising,linkedin.com/company/soul-swag,orlando,soul swag,florida,1-10,soulswag.org
united states,2006,sEPrxCdc4bElQrYRBaBuswqYSene,marketing and advertising,linkedin.com/company/coolhunter,hallandale beach,cool hunter,florida,1-10,wearecoolhunter.com
united states,2022,BDWBcvoo2dCiuqRh7nRDrQy5kSzg,marketing and advertising,linkedin.com/company/salsa-media-llc,dallas,salsa media llc,texas,1-10,salsamediallc.com
united states,,HNwizwItvnAIqgWbWZJklw7uaxXr,marketing and advertising,linkedin.com/company/northwest-technical-products,gig harbor,northwest technical products,washington,11-50,northwesttechnical.com
united states,2019,CMqh9auo2vafbyfVIFjckwq8AySW,marketing and advertising,linkedin.com/company/ten-thousand-volts,charlotte,ten thousand volts,north carolina,1-10,tenthousandvolts.com
united states,1994,MXTxAVAjoU2zm7RS8AnStgxuLEil,marketing and advertising,linkedin.com/company/soulbranding-institute-maio&co,new york,"humanity, inc./soulbranding℠",new york,11-50,soulbranding.com
united states,2012,Xf6KFxKnsIYg4TaxBjLwiQbPnOpu,marketing and advertising,linkedin.com/company/cmstext-texas,austin,cmstext texas,texas,1-10,sdouglassconsulting.com
united states,,HjifN3ZCgXCL8mlCwLursg1wBd9h,marketing and advertising,linkedin.com/company/gosports-direct,las vegas,[sports:direct],nevada,11-50,
united states,,s2ZIiFBI2GfGVjLq9tkVEAGPc6oT,marketing and advertising,linkedin.com/company/ready-set-go-digital-inc,sarasota,"🚦 ready set go digital, inc. ⭐✔️",florida,1-10,readysetgotdigital.com
united states,,mCoCvTUwOiXBBGmgxLSCLQidp9w4,marketing and advertising,linkedin.com/company/coordinet-ba,sausalito,coordinet,california,1-10,coordinet.com
united states,2005,jxfDUhMnPyA7c2bHlAuaaAdxKdSM,marketing and advertising,linkedin.com/company/mediyummy.com,las vegas,mediyummy.com,nevada,1-10,mediyummy.com
united states,,44OwcCBCghAvVraLJB23TQ2EylhD,marketing and advertising,linkedin.com/company/la-casa-lopez,moscow,la casa lopez,idaho,1-10,lacasalopez.com
united states,2017,HpUY8UX6BludCG0WBclJeQONrqp6,marketing and advertising,linkedin.com/company/themfinity,san francisco,mfinity,california,11-50,themfinity.com
united states,,DLO3ENMrICqv2U81RbpTHwcB6j7V,marketing and advertising,linkedin.com/company/mansfield-design,beverly,mansfield design llc,massachusetts,1-10,mansfielddesign.com
united states,2024,mKvDOqGRPnT4YuasYDFacg9I4qxq,marketing and advertising,linkedin.com/company/aavvy,,aavvy,,1-10,aavvy.com
united states,,CHHfIHLPNRf5K6PM5SyFBQe0zJg9,marketing and advertising,linkedin.com/company/gloenco-greenville,greenville,gloenco greenville,south carolina,1-10,
united states,2012,lfAivKZf6rztdkBOwq5ckA5TetpS,marketing and advertising,linkedin.com/company/searchactions,west chester,searchactions,pennsylvania,1-10,searchactions.com
united states,2022,TwIwZvnTTAVzCRbsJXlbPALSfl98,marketing and advertising,linkedin.com/company/copy-by-the-woods,canton,copy by the woods,ohio,1-10,copybythewoods.com
united states,,f5peN6Ne7mz5sZhYOjILwgVb4c0A,marketing and advertising,linkedin.com/company/naples-guide,naples,naples guide,florida,1-10,naplesguide.com
united states,2010,d2MLo0qGXifV73w3L3XCrQZ63OrD,marketing and advertising,linkedin.com/company/global-reuters-inc,irving,global reuters inc,texas,201-500,globalreutersinc.com
united states,2005,lnBMwMmrVQ0AyptPImVMDQyETcRB,marketing and advertising,linkedin.com/company/digitalmarketingagency8582,sunnyvale,digital marketing agency,california,1-10,
united states,,Oosvi8cp6h3O0cC1gH8Swg9ZGVvk,marketing and advertising,linkedin.com/company/bud-sports,hanalei,bud sports,hawaii,1-10,budsports.com
united states,,ulCCaApTXjN6ft33NCmc8Aw89Zj8,marketing and advertising,linkedin.com/company/sunridge-at-cielo-vista,,sunridge at cielo vista,,1-10,sunridgecielovista.com
united states,,pNDIegIDNcL5gsrYyobEwwrRiUik,marketing and advertising,linkedin.com/company/archetypediscoveriesworldwide.com,palm beach,archetype discoveries worldwide,florida,1-10,
united states,,uCfa1ZPMWwCrnXegeM3GHwDjIfSa,marketing and advertising,linkedin.com/company/einfopro,,einfopro,,1-10,einfopro.net
united states,2009,3diz6BoqWoN0yamMkm0O5wePxeaP,marketing and advertising,linkedin.com/company/findbenny-com,san antonio,findbenny.com,texas,1-10,findbenny.com
united states,2018,MyEeCBmAA22DlZJcWKxpBQog8S9S,marketing and advertising,linkedin.com/company/socialgage,philadelphia,socialgage,pennsylvania,1-10,facebook.com/socialgage
united states,,n7OqDjbaDkO9yC51Hgn2oQW2Kjhs,marketing and advertising,linkedin.com/company/new-jersey-institute-for-continuing-legal-education,,new jersey institute for continuing legal education,,11-50,njicle.com
united states,2022,ayuQmRzkLpUZ7iefR7hBvwJyYvEq,marketing and advertising,linkedin.com/company/thecocreateagency,raleigh,co-create,north carolina,1-10,cocreateagency.io
united states,2018,nRY3XIEAxGLMrIY0M5RtmQGUM1ko,marketing and advertising,linkedin.com/company/alp-marketing-llc,east petersburg,"alp marketing, llc",pennsylvania,1-10,alpmarketingllc.com
united states,2017,rQ5djQks9meXm99kG0QTmgGpcCwO,marketing and advertising,linkedin.com/company/mills-branding,atlanta,the choice brand consulting,georgia,1-10,thechoiceconsulting.com
united states,2015,oNEj1oTSb2s2eA5UXtJeTgPS0bXo,marketing and advertising,linkedin.com/company/studio-civico,,studio civico,district of columbia,1-10,studio-civico.com
united states,2013,PraSEw5pG43MUy1Fdc1PdgfV16if,marketing and advertising,linkedin.com/company/w-partners,chicago,w partners,illinois,1-10,wpartnersus.com
united states,,X75W2qVaAIEURePkBBz6sQX1eCKa,marketing and advertising,linkedin.com/company/jlaurin-media,chicago,jlaurin media,illinois,1-10,jlaurinmedia.com
united states,2016,GseCbSJ26RwkIG0xBp5fAQPzR8jS,marketing and advertising,linkedin.com/company/goodcarts,minneapolis,goodcarts,minnesota,1-10,goodcarts.co
united states,,4dgHmqzdX3nofPIelRlSIAgSqbyL,marketing and advertising,linkedin.com/company/spotlightmedialive,brooklyn,spotlight media live,new york,1-10,
united states,,wGeyysdozgzySdBQhb87CQaLwEIt,marketing and advertising,linkedin.com/company/mulligan-realty,cotati,mulligan realty,california,1-10,yelp.com/biz/mulligan-realty-cotati
united states,2013,ZCAD1m6lmbm3TEOCbxBPkgNELHNR,marketing and advertising,linkedin.com/company/netfly-digital-marketing,los angeles,netfly - law firm acceleration,california,1-10,netflydigital.com
united states,2009,4CqU8yo60SjYwRY949EXFgxaLdA9,marketing and advertising,linkedin.com/company/one-world-social-media,,one world social media,,1-10,oneworldsocialmedia.com
united states,2015,9M2BPoWMjpkG7Mu4GBTpDwzR6hb4,marketing and advertising,linkedin.com/company/fractical-cmo,houston,fractical - fractional cmo,texas,1-10,fracticalcmo.com
united states,,Cu6MOzjRs1RcIbDaoFkv0QMQgi5H,marketing and advertising,linkedin.com/company/canyon-club-apartments,saugus,canyon club apartments,california,1-10,canyonclubapartmenthomes.net
united states,2019,goWGjxCx92cfb8b6cClYwwHjWbrA,marketing and advertising,linkedin.com/company/cadencey,atlanta,cadencey,georgia,1-10,cadencey.com
united states,2022,6YtgkWR9woqeieDkHe3e6AvRvwtf,marketing and advertising,linkedin.com/company/district-studios-ct,new haven,district studios ct,connecticut,1-10,districtstudiosct.com
united states,2023,mzeqS7iF5TucYJHzqujJqQiRxRXj,marketing and advertising,linkedin.com/company/lawn-care-business-solutions,united states air force acad,lawn care business solutions,colorado,1-10,
united states,,xl9a9q1nwOFnFA7ntIrdDgGWxsxi,marketing and advertising,linkedin.com/company/trader-magazines,new lenox,trader magazines,illinois,1-10,tradervalues.com
united states,2014,gn8RX7G4QPWDIGOj3b2UXARvPfk4,marketing and advertising,linkedin.com/company/steve-bouboulis-building-business-online,charlotte,the branding agency,north carolina,1-10,mybrandingagency.com
united states,,qLbDQAKfDK1j3LZ1TMnflw77Pfl9,marketing and advertising,linkedin.com/company/halperin-creative-llc,denver,"halperin creative, llc",colorado,1-10,
united states,2022,VIwM1HvQuVmhxvfcziVGagJ5Akvs,marketing and advertising,linkedin.com/company/death2digitallinkedin,scottsdale,death2digital,arizona,1-10,death2digital.com
united states,2011,hNd6PMgqQLgzdBcu9DVt5gPjlsQi,marketing and advertising,linkedin.com/company/dopamine,new york,dopamine,new york,1-10,dopa.mn
united states,2020,hqbhsA8XeQVOgQBpMCi3SgsoblVW,marketing and advertising,linkedin.com/company/skut-llc,miami,skut,florida,1-10,skut.shop
united states,,rQ7GH9E6CD5QX7GPFcInvwDyvIyZ,marketing and advertising,linkedin.com/company/wolf-corp-enterprise,centerville,wolf corp enterprise,utah,1-10,wolfcorpenterprise.com
united states,1987,jSXwLw4ZDk3F5p0WGfD27ge0rn55,marketing and advertising,linkedin.com/company/las-vegas-billboards,las vegas,las vegas billboards,nevada,1-10,lasvegasbillboards.com
united states,,BgFJ9AeMdGrJNZitcUSgygmRvAwY,marketing and advertising,linkedin.com/company/big-picture-agency-inc-,chester,"big picture agency, inc.",massachusetts,1-10,bigpictureagency.com
united states,2016,V0qdyDR2HhJMwPa8FqaHkQN5AyvO,marketing and advertising,linkedin.com/company/profiting-tools,st. paul,profiting tools,minnesota,1-10,profitingtools.com
united states,2015,8bcBt0Bno2C2NHfkb5iqTwc020De,marketing and advertising,linkedin.com/company/digitalai360,new york,digital ai 360,new york,51-200,digitalai360.com
united states,,Q3Y3np79VBONq7LCsYKFsAMSGXSt,marketing and advertising,linkedin.com/company/silent-knight-marketing,,silent knight marketing,,1-10,silentknightmarketing.com
united states,2010,bVc7asiAICBqdlCpaicaKw4skVP8,marketing and advertising,linkedin.com/company/g-domains,randolph,gaels: domain services,new jersey,11-50,launchbrand.com
united states,2021,6Tj2NBn39zk2kDKnxAgTBgSyhbGn,marketing and advertising,linkedin.com/company/the-digital-green-room,huntington beach,the digital green room,california,1-10,thedigitalgreenroom.com
united states,2012,0kAltwdk7BCIgq0TEuGCIQsmVq0C,marketing and advertising,linkedin.com/company/logowise,binghamton,logowise,new york,1-10,logowise.com
united states,2015,SgB4zjqaDcIIElkEoLCRWgAbNnuO,marketing and advertising,linkedin.com/company/fuel9webdesign,princeton,wildfire media,new jersey,1-10,wildfiremedia.agency
united states,,DwiNUfBJvTBdpGb9ohmdZgXnkvtq,marketing and advertising,linkedin.com/company/pivotal-digitalllc,annapolis,"pivotal digital, llc",maryland,1-10,pivotaldigital.net
united states,2010,PD6F0mrEOsOuQg82BRQxKwD7sBUU,marketing and advertising,linkedin.com/company/new-ideas-unlimited,tempe,new ideas unlimited,arizona,1-10,newideasunlimited.com
united states,2021,bjR12siECj5657SkeXqlqwQY0edc,marketing and advertising,linkedin.com/company/agent-x-connect,concord,agent x connect,california,1-10,agentxconnect.com
united states,,c9hQnzKorawiIsLrRlymLAZZci1s,marketing and advertising,linkedin.com/company/paris-magazine,paris,paris magazine,tennessee,11-50,
united states,2022,8elh2Br5LsmfeMFWf3Cj1w3bvMDF,marketing and advertising,linkedin.com/company/elite-360,santa rosa,elite360,california,1-10,realnetworker.com
united states,2000,5wTbl2NNLWTdM4UmJSR4YQZtjq0N,marketing and advertising,linkedin.com/company/the-content-bureau-inc.,orinda,the content bureau,california,11-50,contentbureau.com
united states,1957,dZJNK8AxO8psQzzrekfnEQK2ukBP,marketing and advertising,linkedin.com/company/morningwalkusa,chicago,morning walk,illinois,11-50,jacobsonrost.com
united states,2015,d2INkWh1P5cj01gN7L7nBARBfJhY,marketing and advertising,linkedin.com/company/firebird-social,brooklyn,firebird social,new york,1-10,firebirdsocial.com
united states,2010,TsWD9nNUPCVPtWkWc8DVhwaftVxh,marketing and advertising,linkedin.com/company/first-chair-communications,evanston,first chair communications,illinois,1-10,firstchaircommunications.com
united states,2010,k1ZSY0jhLUh8nlKIJVYU4QdaoaCQ,marketing and advertising,linkedin.com/company/180fusion,los angeles,180fusion a deluxe company,california,51-200,180fusion.com
united states,2001,aNWBLuOEAUnW3scIYTxyLg1p4g8X,marketing and advertising,linkedin.com/company/liquidindulgence,chicago,liquid intelligence,illinois,11-50,liquidintelligence.group
united states,,5S5OPQqsyEbZA4I5HOJcFg7l3Gc2,marketing and advertising,linkedin.com/company/webwow,damascus,webwow,maryland,1-10,videoadoffer.com
united states,2020,EAUdywtJ4uK2C4NeVKKDlg4xLZ3Y,marketing and advertising,linkedin.com/company/getunderdog,dover,underdog marketing group,ohio,1-10,underdogmarketinggroup.com
united states,,PhmZqrQflav7LOktZiKHFwry9qym,marketing and advertising,linkedin.com/company/adaptive-x-tx,dallas,adaptive-x,texas,11-50,adaptive-x.com
united states,,KoOQ5lmLbeyym1GTCzmjvATj62ps,marketing and advertising,linkedin.com/company/kinship-content,denver,kinship content,colorado,1-10,kinshipcontent.com
united states,2014,Buz1T25xh2RIeWx1ymdCVQtbNPS8,marketing and advertising,linkedin.com/company/profit-rocket-media,kansas city,profit rocket,missouri,1-10,
united states,,Mux76ajDQ5vLmjx8li7TAg9IMSI6,marketing and advertising,linkedin.com/company/sturgill-solutions-inc,biltmore forest,sturgill solutions inc.,north carolina,11-50,sturgillsolutions.com
united states,,6s5UZZ7Wac4wMgUqfFx7UgM4dshR,marketing and advertising,linkedin.com/company/lafrancois-marketing-consultants,old saybrook,lafrancois marketing consultants,connecticut,1-10,lafrancoismarketing.com
united states,2019,BmJxoPDtwOXLiZ5QWHoEsQNJxJND,marketing and advertising,linkedin.com/company/lasvegas-media,henderson,las vegas media inc,nevada,11-50,lasvegas.media
united states,2018,xxi3PmcYcwghP12yq6CMVwWyPNju,marketing and advertising,linkedin.com/company/alembic-markeitng,arlington,alembic marketing,massachusetts,1-10,alembicmarketing.com
united states,,gZ7LFhAWY203axXo7BFTrQRL37kv,marketing and advertising,linkedin.com/company/fuhs-creative,indianapolis,fuhs creative,indiana,1-10,fuhscreative.com
united states,,gW7qT1xa0l3C40J5wSQhOgDWs4Y9,marketing and advertising,linkedin.com/company/tmaxgraphics,muncie,t-max graphics,indiana,11-50,tmaxgraphics.com
united states,2009,fXdEmSJ1IkOC1ZggoHsjpgEMkcif,marketing and advertising,linkedin.com/company/northeast-kingdom-online,sutton,northeast kingdom online,vermont,1-10,northeastkingdomonline.com
united states,2000,dHXmVneJAIJz8RjtFxenBAoYVSxx,marketing and advertising,linkedin.com/company/think-creative-inc-,orlando,think integrated,florida,11-50,wethinkintegrated.com
united states,,7lBvxCh3thC9EZG739lS2grqOM3K,marketing and advertising,linkedin.com/company/everyday-virtual-assistance-services,coralville,everyday virtual assistance services,iowa,1-10,everydayvirtualassistance.com
united states,2013,pOf2jbxraY1yuJHO7a7QBgejAufG,marketing and advertising,linkedin.com/company/the-social-us,miami,the social us,florida,11-50,thesocialus.com
united states,1933,OtPzWAxXQFbuchUTbmVXzAHnzrXF,marketing and advertising,linkedin.com/company/hoffman-york,milwaukee,hoffman york,wisconsin,51-200,hoffmanyork.com
united states,,i7yfwuE6RGJWCPYeNzxn8gBGY2zN,marketing and advertising,linkedin.com/company/heathrow-business-services,heathrow,heathrow business services,florida,1-10,heathrowbusiness.com
united states,2005,krtuSPdpB6OmagsfLifZ0QZvzAqc,marketing and advertising,linkedin.com/company/texchange-dfw,dallas,texchange dfw,texas,201-500,
united states,2002,fCYffn9ijyq8YFEwfJr75wdTd8VV,marketing and advertising,linkedin.com/company/awj-associates,,awj associates,,1-10,awj-associates.com
united states,,5Funmncl6qF4Bz3dZRn6EAbykCPH,marketing and advertising,linkedin.com/company/growth-beacon,,growth beacon,california,1-10,growthbeacon.com
united states,1994,Gfbo5NIBVBBC6vRU89cyuAMC7y7f,marketing and advertising,linkedin.com/company/festcorporation,tampa,fest corporation,florida,51-200,festcorpusa.com
united states,,Pw9zAEICXrPBvjm0vrrnGAqvCTCM,marketing and advertising,linkedin.com/company/socialgaines,chicago,social gaines,illinois,11-50,socialgaines.com
united states,2000,3ZYtrjRHW7NihijMPy0qCgBgaKRr,marketing and advertising,linkedin.com/company/sandiweb,san diego,sandiweb,california,1-10,sandiweb.com
united states,2019,CnLfXq81e5vH7DhCCWKeMAmQrpoy,marketing and advertising,linkedin.com/company/dollaronead,new york,dollaronead,new york,1-10,dollaronead.com
united states,2014,Mu9896YBd6KQYDgGjbC0GgfYgqot,marketing and advertising,linkedin.com/company/horseback-riding-source-llc,new york,horseback riding source,new york,1-10,horsebackridingsource.com
united states,,8BKfgp2arCkGRh4SzAahsQ5dQH2r,marketing and advertising,linkedin.com/company/self-clothing,san luis obispo,self clothing,california,1-10,selfclothing.com
united states,2008,4ibR4tcJyyfrbw6vkHnrCAMvYUz4,marketing and advertising,linkedin.com/company/college-for-you,westlake village,college for you,california,11-50,collegeforyou.com
united states,1990,73EnUI85042CICHz1IJRsAIxzhar,marketing and advertising,linkedin.com/company/brandtailers,newport beach,brandtailers,california,11-50,brandtailers.com
united states,,bYPD55EcvpxbBqi0bbHvZgVBX0Pv,marketing and advertising,linkedin.com/company/takira,san francisco,takira,california,11-50,takira.com
united states,,NihmBhxsNF7EPGBfRpCBRwc15cqh,marketing and advertising,linkedin.com/company/splash-ventures-inc,north brunswick,splash ventures inc,new jersey,1-10,
